-- phpMyAdmin SQL Dump
-- version 5.2.1
-- https://www.phpmyadmin.net/
--
-- Host: localhost
-- Generation Time: Sep 26, 2025 at 01:07 PM
-- Server version: 8.0.41
-- PHP Version: 8.2.28

SET SQL_MODE = "NO_AUTO_VALUE_ON_ZERO";
START TRANSACTION;
SET time_zone = "+00:00";


/*!40101 SET @OLD_CHARACTER_SET_CLIENT=@@CHARACTER_SET_CLIENT */;
/*!40101 SET @OLD_CHARACTER_SET_RESULTS=@@CHARACTER_SET_RESULTS */;
/*!40101 SET @OLD_COLLATION_CONNECTION=@@COLLATION_CONNECTION */;
/*!40101 SET NAMES utf8mb4 */;

--
-- Database: `VsGamePlatform`
--

-- --------------------------------------------------------

--
-- Table structure for table `VSAPI_RefreshTokens`
--

CREATE TABLE `VSAPI_RefreshTokens` (
  `id` int NOT NULL,
  `refresh_token` varchar(128) CHARACTER SET utf8mb3 COLLATE utf8mb3_unicode_ci NOT NULL,
  `username` varchar(255) CHARACTER SET utf8mb3 COLLATE utf8mb3_unicode_ci NOT NULL,
  `valid` datetime NOT NULL
) ENGINE=InnoDB DEFAULT CHARSET=utf8mb3 COLLATE=utf8mb3_unicode_ci;

--
-- Dumping data for table `VSAPI_RefreshTokens`
--

INSERT INTO `VSAPI_RefreshTokens` (`id`, `refresh_token`, `username`, `valid`) VALUES
(1, '073ef9a2e0ed25e5555888314236e489feb55398a8e0faeac5c38a48551ef2619043768879e5a44c732686266aa69e0cfa81fcc595e89041b4bfb8b33303e439', 'admin', '2026-05-27 15:08:50'),
(2, 'f8ab0ec5c67388822f155dbeaf66f9396db5b64b76a4366869702dfb9c6953e03d447aab2f3d124b6196e795fe48cf2358512598a6dfe478e3030cd848656262', 'admin', '2026-05-27 15:10:34'),
(3, '37522d05c785edf8b3c747bea7e8169c390f7a4956f31d52bf5e40e9eb5be2460046150096e94a9804488826d4c7990cceb244fd0f3fd46573a3ae19c75cc45d', 'admin', '2026-05-27 16:13:36'),
(4, '0a9ba1ba58f4648878962a4c3e6eacc3e24b37033491f13eaee3ef45ca240405b81f84ea0ce8b70220c8d90a5ceea51d50d99e1c4b314eb06608354297ee6c1c', 'admin', '2026-05-27 17:16:16'),
(5, '95f48cfe993151eacfc41d42f44d26654984c5d1e56680eec5881c0814156222073f92c3a263876bd6fb82de2cc43628e33773d936d771eec41b37755f9606e8', 'admin', '2026-05-27 17:26:06'),
(6, '1695bd8b9bb19b7b1570417cc234aa03c6add5e9ae42538935b6a15b0807d693f2d31f5377ac12837337499bba0b440438f646546d2f41ad9b2b94b299922375', 'admin', '2026-05-27 17:39:41'),
(7, '5d3fd3e988c993408d17be249949fe3b15523064d4e483c06560933c1c76b91534c4b1c02fa433a6785624542e4f1f270fe37191499f77a4e2e1b42cade2635d', 'admin', '2026-05-27 17:47:24'),
(8, 'e7d4842dbbb49eedc4375a99e7cae00f4a9d496b24d91e64951a86c2d4fb4d3b6de56e39d7c1edea05ac992ea77590deaa9921e7038fd14c72267c65bdb339a3', 'admin', '2026-05-27 18:20:17'),
(9, '9bbb89cc3f28ebf1da7d8cef4d1ce427df04a8bfeccb24dba810cc5236bafafd3125b940b3a601d02c77263212ae3f0cc00e82157c939412b0822cbca3396510', 'admin', '2026-05-27 19:30:11'),
(10, '1a9cf8e567835179abb00d689cb5f0d806a144a49796ca10f25ce0aa441c5fcd8a590a9db635a3c5389ec9c70cd47f55964909a75be9ce610cf9300362e30c73', 'admin', '2026-05-27 19:32:22'),
(11, '293e937ae8925ce03af5e733826c050f255fed74103862b11e235344f1499d49df4a855689db87104f363538e9051ee24f32fed218d29ee7a037eb30f0965b2a', 'admin', '2026-05-27 19:56:23'),
(12, 'c6048dc2460cc5558f50c87608aaf7b8bae6e4adfccc0f4d5dc9524187bac6a003534b3f101139360c646ea64bbe66be2fbbe91b7cdaa08cbe9caaa63a62a980', 'admin', '2026-05-27 20:03:33'),
(13, '3840311693ee4c4dee615e76176343242d8d6565f1e4931ebe77922853a1bba33072ad807e951a084d426a1a6025196d2eef9ac8d562fb30f0cdf9fa81ae8e27', 'admin', '2026-05-27 20:10:46'),
(14, 'df1161acbaf1a0ba1a23b229b83ec6c1cf3ae92e60e5512e0603ab1ecc58f34cf9eac18312305e5a796a456e623440ce55c679829f3bb77e115155f76dd76250', 'admin', '2026-05-27 20:18:16'),
(15, '651ebd3aafb578a5ec50105df1ec6e3d6aa089794bd49e4045621b0fa5fb34f2009beda136a0980e6bb8ef8652ce157578d6915875f5c39d4351dd7e278746f3', 'admin', '2026-05-27 20:49:15'),
(16, 'facc76db19398b4f00e139ce0a63e02e99655d2778b9c1f7b7d65ca5202b030ffd13ef18d75e5df47e51b9dd23d244d38a20b80f2decb9ab2615c82a0dcb2849', 'admin', '2026-05-27 21:33:10'),
(17, '04a470f947aeaeb9cb25902ce220599afe00015a373a7d093e7ee68a0c9ddf8c46203de552dd4086dd1281b24a4be756b3bbbda03afc34a5a77d6032bd83478b', 'admin', '2026-05-27 22:38:13'),
(18, 'c14f794585314cb334e1d5e90775e3c3dba172e0865fac7eeccecbb5746166780346a48d45b2701f881fcf5f49682b896f2d0ded430924c5e452e28ebf2e0f47', 'admin', '2026-05-27 22:58:40'),
(19, '60a4369864830501d68aaecef0bd5c26cf9fb40bce844cfb2cfb67e8f1c2abdbb355a38ab8bcb83c84fa601a8574327113e0481d4f24247ebdf3bafc7455cf14', 'admin', '2026-05-27 23:03:42'),
(20, 'd23919804f67aa32f5e6a2e8e82004e97abef1465698313ef3dcff710b84b0e93e9fd3e13887b9380dfa404225fc4a5bff272fe9ec4c405317d47c48192d9bb3', 'admin', '2026-05-27 23:25:10'),
(21, '636003f0b1ef037041a0ecce27de571439e1104bfc755f8d211236df7e4b4df8edde080274e137b1f6f58ea464dba479e4a0a4b939bdf98f49b34407bca73513', 'admin', '2026-05-28 12:34:14'),
(22, '2a5bdba02be09d52d9b53fc61481caafe8f3d7313349ffcb408a38b4f43d27b90d1ff6ad412b8e6da34743a75e17cf5f31024fd3efa4cebb8fed6db0bb27bb74', 'admin', '2026-05-28 12:39:24'),
(23, '5deb3414f47c027fe57fa9b7c175835a5eebdc91f5fe5dc7c4ee47970300081efe20a1b97f63bc45a20dd7a4a43f18f135318c036c50aeacba260d48471db92f', 'admin', '2026-05-28 12:43:29'),
(24, '3e7c9a6578c27b8d4a45f0995ea9ec9dd314f9fb0ac54bcdece9a3ef3224c46577db83199e041334de946c1139899a3f2dff683b7f0870d37a5baf43315b3daa', 'admin', '2026-05-28 12:47:02'),
(25, 'ab51264b939a6c24a0668e63b1918274f4f12684ddd0287473356bb65fe0b3419fcb132f6aab37540196fd5c0606e12366627c04c335ab59e841c4fb5a685148', 'admin', '2026-05-28 12:51:32'),
(26, '502323f136222511e75292539c591163f8ec0e96223c65b7806eb62a1c6f4ffbf0e489a06e85f4b8f8ea97b60123142ba3f09d8c082f578d989a87a3eda0e865', 'admin', '2026-05-28 13:02:00'),
(27, '5b11a65eae16eadc26e6edcaeaa30f9b46fc7b7df6f9763081002b7d787b3ae530c4ddd42654c4edb75fde9f9e50326d8adab9f5f471ed6b7a1bcb9822feb8c6', 'admin', '2026-05-28 14:03:00'),
(28, 'cb7d637d800b5563baf3adbfe1095b089216d6faf670c7c006d0dfc47139b37efee9a19a7d84126e1c9ee6ca82a38b64caf1680755be3e96d85d1491c118c257', 'admin', '2026-05-28 14:27:24'),
(29, '1009af2f81c4e769e77e2f387f489e06ab1c84af33d9ee8e768366b0214cefa77e9b622b72099a5835b85a438978a929c686e49669d6122f4268c94e5776b82f', 'admin', '2026-05-28 14:36:26'),
(30, 'd8cde3e8d96cc15d7e53ea4eb52092e9a1dcf8a69f84ae2f88cf1e6ad40bb2bf4092ed23f9cd2d02f8f377cb066cfd4082ba42e8759966b99bfa65323b763998', 'admin', '2026-05-28 14:37:15'),
(31, '2447afd47cef3f0f6d4ec33fe1bfcc01730bc3451643f48b30e2f9cabb5d90f2ec62fa4a89a86e911dfa64c8e482e9119b090919ec49b41fdf99781174fbfe3f', 'admin', '2026-05-28 14:38:17'),
(32, 'ca1ee88f0f6dcc1442892c89bb336163aaa2dbfa7563a6fac6ea335e24c883d0f5f672e56517391453de7aec39958c7071df9ae18c5d06bbf63b6569bcf4687d', 'admin', '2026-05-28 14:39:05'),
(33, '8e6a69acaf3b0c261e0d064f39f655563592d0c560fd114a3a2408d8ed13cf644f2f2f383c2cdc5155888fc1fe842deacfa824416dbce8521fa5bde51b1fdbbf', 'admin', '2026-05-28 14:39:46'),
(34, '4398879df53d82c204185d03b83c0e98b30858723e367946159487fc3234f5df033ef93656aa7321862488af0adb488e47fd9f3a6835fefc5b8a6af4e69cc5c6', 'admin', '2026-05-28 14:59:25'),
(35, '153eafaf322352e5d9d43c04af473261a021798b68de99eda3f269da4d0415316d937aeab089b8c0a8424f45f3e2a88241b7a9bb1d28592b6caa955252b8c224', 'admin', '2026-05-28 15:08:09'),
(36, 'aafbc3fb2c1b8718047cfa0c5cc0a27e9778b93f276081f2a7b2d8509baf1250efef6092f202a2d72c49e3a13881dbe163b40f1a9f8b25b54860b5f4ab542a75', 'admin', '2026-05-28 15:42:33'),
(37, '4796027a352bc65ba6479605fbe5d4992568b5e3b35701b694097b6fd7843edcf14c1598c3e4033c2950247d73bd9bf2f4895f73cbac844b7b9683d641695957', 'admin', '2026-05-28 15:43:40'),
(38, 'e75c43aab76eb325ec433c3ec2a72d1c10b7cad198276434e0f7d85d8fb4b857d6b9ce5425251bd195f8faebca024f0dced4f2ae082c7c0c60531095a2c09d18', 'admin', '2026-05-29 03:11:55'),
(39, '1289b6444c62ad1c33880bf42dec564276bbb2150f529be8d9d1e37b46d5e19dcea32e8ba36cee5a34b4e7df45e99f947d4347eda91005902a16a7e5dd255a7d', 'admin', '2026-05-29 03:41:32'),
(40, 'c0e1ce37eebbf803ec66d02c064e222a3e289d710361d0555c6e3ef451018bf1d9f8ae3ee7d3f2ea325aebcbf8fac8c06175353322121ea0c250c7c6d42e402e', 'admin', '2026-05-29 11:37:03'),
(41, 'ca47a9cf71ba42b523f41b6c813cff6483d75dafcc0e12d01ae64cdd5db88098c9d24c0f9fe2b97c142b9c3194fe137aeecaf5a0c102b87b50f36643b488b2c7', 'admin', '2026-05-29 11:51:43'),
(42, '495f36aedae8630237e08f830eae3c86e37a1aeecbcd22ab79cf0ec9aa49a7f38f3ae9a1d7b97f09250ec132e26d84b6a02d20c2e6659f16d00ef1718954bebf', 'admin', '2026-05-29 12:10:07'),
(43, '7adf363ed632f2a20b771a927091d3706d43098ad4932a4b733e27729b7814f34af437d3ec78b8c6d792e8e1b3c29338082f14ee8c561b63f3bef2fea0fae4a9', 'admin', '2026-05-29 12:17:37'),
(44, 'a6648743d0adf9de176356dc07c8ee861a30f7aa4e9058fbbe0a4320392718e37353e00ccb5da80684b7ee2247bc612570527eb6e50886f90d5cd88ba367abdf', 'admin', '2026-05-29 12:22:32'),
(45, '690c7d180eff6217631cbb55e15d2772ab4b3583ff1459944867f86f725330179fd920929744307d55743f601017ff4f7f925aa958c5f8b8c185a9d54117320a', 'admin', '2026-05-29 12:32:25'),
(46, '180b9feb750b041b84c50078d149205bc7281a30292f0527c145d1e357f7f038143083db5bc14b37745fdd91493f1eb5a622a88af17964b34db510e34413b384', 'admin', '2026-05-29 12:38:19'),
(47, '0517f325c162d6225ade3340f075f79c0b4367aa3aba11436070199a450cfe9f97a0500e60c842baf3a7fcd4c5ee7d2331f9439b67bb725c153a69ee7572e39c', 'admin', '2026-05-29 12:53:55'),
(48, 'cf7e3275f34e2dd571788f78293e5c880b17c3ae603247da2b165bdbbee101bbfb67c68873aac038e4db985178f4fa491eea2fcd586335f42bc5a00594ebc251', 'admin', '2026-05-29 13:01:28'),
(49, '80db2cab462f6818738b59c5d3b59ad2e137d8de3333bc18a36b0b99c4a71338d7704c7a7e066b4b84f7be69d4c19cbe3db3c5428a592279d9ca3d8482e9c7c7', 'admin', '2026-05-29 13:28:19'),
(50, '4b15e3707e6f03ce4d83c374152d89ec8d97461fa2e9e4e1af3dc06d3a61e186d37eb3434bc4f17c6ee0011fa7ac98cd6528a1160a74a486bb9d0b4f27faab0a', 'admin', '2026-05-30 08:19:57'),
(51, '000c71020816bb4ffded69af15330bc7516b5e9fbaa09d46f27ac8a21a56f9df7f1da32d37b88d752c9db65fae025e40b443c954659d9a0d25808db737e9ba0e', 'admin', '2026-05-30 08:30:26'),
(52, 'ac922ae20455b1559181390689f06b773ffd751dabb6ea716cad503d0be5bf1f65afbd675da019a32a52cfca29fd7916639e9bcc6f1190e511c74c67d8fe7f16', 'admin', '2026-05-30 09:16:21'),
(53, 'd2deec3a25e908bd295d70bc0a083063df48e1338bf15b6764846f28328037215beaed054bc54d6e7ad40865c5ae581d35206534d15cee4573da51a3fb8b381e', 'admin', '2026-05-30 09:29:16'),
(54, 'caecf2eac534357c6c55a430c034642904b748902b25f16a3cea9357ef4090ea2c52cab08092a1c9cd847baebf96e9f4250899414a7e26879050c468796afb52', 'admin', '2026-05-30 09:32:50'),
(55, '5c63bcdb3a23365c9c744caaa1139c902e89d6680d1aad59157cc8676b11d6943ccdf81c1decf78b3b22ac98ddfa8e1500af361eaad322b85d30990840e55101', 'admin', '2026-05-30 09:35:54'),
(56, 'feae8ecb6c81869d68f6c67201e2a83a0a200d203c294b88643975c03e1510651f5588a451c863c4326d0425328cd6f696ff966fa72a0f2fdbf027504f416449', 'admin', '2026-05-30 09:42:38'),
(57, '1c737cf97d561f6fc2c96df2a4b45832a8ddfefe0f8bfd40110ab3af57a513b04144fc2071c56d6bc267c253a250a5301e9f84e737ffdf646a44d90284b84c54', 'admin', '2026-05-30 09:45:43'),
(58, 'c786bb50da759c8816f9333916df77d34094aea716af426d7b67c3344e9e48eee674244f70a66777f66261f3169135b5811de5d1c31b5a91adf8e88dad532795', 'admin', '2026-05-30 10:24:07'),
(59, '20c1ac1c7810bde42d299570d0531884a1b94f3618d6744ad538a11b9edd78d49857200a3261f9cc9433846f8819b436c0f4e97618b61bef2edc087350329253', 'admin', '2026-05-30 10:40:01'),
(60, '85b26b1cc8a37618158a0af4e5fc5eb34f3e2220438ed9a9f5ab8d9e804919364280e0338af8b39d91d7a867a077dc1744827a0d40cd2fcccc4763ef072c43f9', 'admin', '2026-05-30 10:58:17'),
(61, '2ba10749a60a5c242da3dd6bb7b9a535a56b3776422a824d292c88908fd1d3c245b80e8f0a8d740868060dee2e1c988c703692091832cfa1f01ca9c964a099c2', 'admin', '2026-05-30 11:21:47'),
(62, '06c7190a98a3728c84bb01ab1d8cac127b2009c97d542e0a8d36f6e001a209182b311670218732390279cb3b4dcd06e28ef8acc2ba58d64ad6ce5304890f1d15', 'admin', '2026-05-30 11:50:48'),
(63, 'cc08243e10934d6074767d383b1ce090239e0a8b69b68328196e6785d7130bdf26da5ffa1b0bb3fb59b2428729b5de59f12f1450514d722bba93c7fa0f1646e3', 'admin', '2026-05-30 11:52:21'),
(64, 'efec98a3eb66dcce302776d49fba653954d7b304f4cc9c3fdeed740f30448211b1e7166fda62e2e5fb300c3cfd7fd1154b9dede31e55b5142a43fdb302479ee4', 'admin', '2026-05-30 12:34:42'),
(65, '68ee0aab9e26b5cbc1cdf6f1b2fe9d292a89600bf0f2511e58f1ecd341159adf79dbdb6df1ea8bf4ad7265e4f88b588a4361cf8c1e4fe17c9c7c529cddf4c14d', 'admin', '2026-05-30 13:04:59'),
(66, 'f391aa68010f2fb24afab879a220ef1d6ae263c906b32278d84834c85d7e45655a15f0cf4064fc3659633e7e9f9e67800770e076012d26485b27be099467213e', 'admin', '2026-05-30 13:23:11'),
(67, '2ff2819049198847e04e1ff5c16a689402e025ed599c5b1c6a1ed9cbe79b01a5b1010dda9b6e2453d472878c65c884caf351dd83aef49a5706e24135aeb38a50', 'admin', '2026-05-30 13:26:56'),
(68, '3c3bb7bef0c6cb3e9202ab03fe1bee501c80a8e9cc62c2f27b5c2efd79230bc02cedec0fbc2a2e3c906cd44c3ed8a17be042443af51faec2604b2c6779072912', 'admin', '2026-05-30 13:30:54'),
(69, '1952f84919a7c635648a3189e3d389a00c7d0d3edb1963d267b39b8076e4938d95f362ab8e6d2e2e0108e43ea24421cdf03c093ee76cda5513f6114c0c3b4a89', 'admin', '2026-05-30 13:35:06'),
(70, 'c18f4546ee380ab63667e6d791dae9c6b58df4b46a83f363489ceb1bedd93f6539c621ce43aedf7a651589a0a38ef2a29806b85220678c6d7a48ac95e6607f80', 'admin', '2026-05-30 13:59:58'),
(71, 'f5cda6c1cc60cf0fe260e59635dc07627c8e028b1e0729dcf8141255a6c458dfdb5471583b25ad8bac2983a581f657139b912fb76aed2e78f891796cc9af0291', 'admin', '2026-05-30 14:59:08'),
(72, 'a4574d2841d3adf6d66bbdf76506e57700b3758cb53f42ac840f93fcd8cd830b988500beb8f900f41bda84c8a6de8f3b8a50e16ac268766b0cd04f7a4f19582b', 'admin', '2026-05-30 16:08:53'),
(73, '2105ff37e22f6cd4d9b60791327fef748731add2f978e2854a736d0e6eff898829ca238a326ec1ae800bf1a500859598b3d7b102b83b2fa39e467c6c7080add6', 'admin', '2026-05-30 17:05:23'),
(74, 'be51e97157cfd66225eacb1fa4ac034c69aa959ae4c415a51980e0a190b5ed7706835c5e4ff91e21aa60ec79d5c77d9cb1f3861a559a30f4219fd1c275a866d8', 'admin', '2026-05-30 17:10:25'),
(75, 'd7d8f70c7658fd7faab421a7b35dcc5c6424fdf90a6c12461da1bc609f38d91d09a5ed758d3586e6cf6ddc9e1fcd54a2a45dd7d9ae6c75687724dadc8302bc46', 'admin', '2026-05-30 17:11:12'),
(76, '874b17ac1ddbac7eb70916ad3f983f567cd49945e15a8ce3b2941a89b051a9cd2a37f08f10dc5c384f099feaf9fb9cbc7c17346fc107f7dbefc490c2c680d08b', 'admin', '2026-05-30 19:03:37'),
(77, '237a27b56dd0d606bfbbc6bb8f1ef0edf78ed2fa4c1d56c83cb327837ac69f80f96c93f38805b13dcf1e7258d56b57a18c909875f566f53e46d442d3d901d3b9', 'admin', '2026-05-30 19:17:49'),
(78, '728841dc44bafd5d74446b0cf5d5fd2e52dac1ec50ea8aa70bbdd02bf42eb83a3c6cc23535a530522425faaf3c917df4f0d2674c90f67b31e467a8f75bce2067', 'admin', '2026-05-30 19:52:53'),
(79, 'b03176433b0f391d3c88045dcd44d43efa60284cb9663b477a14a6c1c66df75cdb5e55d3ea3f0b13fae985fbd6885ff19dba371d3a83fd66c0dcf31bc72df12d', 'admin', '2026-05-30 22:38:21'),
(80, '17b5f477b2e59c2c23ed55912881838d959d675febf6094778a42189d0f0b5b9a80af81b9f37eed562e9faee6f9bc61a2f3637c80c574be40d2cbf84522fedf5', 'admin', '2026-05-30 22:46:20'),
(81, '79e4ddd89b8606b6f13e3475e1b9b96b8dd1e6210be82cac537f60279c74265db4ab1916a5f8b81759fe82808423af15f10270d1623620697038e5d24b2fbad8', 'admin', '2026-05-30 22:53:05'),
(82, '8472c692bc15eba7b1aae639e4e4e780b1cc3248a4297ca59588f37d408f23d04ad2a8152ce4dc170c0dd0b9648a29549173992b5b529dda151524ade4afcadc', 'admin', '2026-05-30 22:56:03'),
(83, '25a1eb8cbdbf6847002ddda1ce4baf15549c03dfc650aec7919a5a60a62408ff76b241d3b87c8e8c2e599fd1ae86ac3782006f13fd705ea5b2b55afc7bfe42ef', 'admin', '2026-05-30 22:59:26'),
(84, 'bb846077df114f2070b5eee20c53bb154de6cda4eedc0ae8c9f9a1bbb21acf05f69a0d1b9a23eb11bfc6fb8d33b1664598265b4d9e58631b9688364791da876a', 'admin', '2026-05-30 23:01:57'),
(85, '71f63b68e32cb707d70e39e4e35f6ad4f32e2935d13ca2d7cec96163717b71ebf042bb12b49a65d267f73b807535e666c42dd4459f50830dfd99eb5b80408523', 'admin', '2026-05-30 23:04:58'),
(86, '60441bb6ac71e126cb72be9a684b4642e2de6a2af9f6258d5180c195ac8c234d3ef69e51b32f86e6631fe26334754e98db522a675cc3145cde62fe7a1fd6392f', 'admin', '2026-05-30 23:18:06'),
(87, 'cde17d7f92b96f62cc6a51ff87cd5565fecdce69934fb841b097fbd5069d70080bf004fb0bfab929deedbf193d1b071114d97bf15142285744542607bc568d79', 'admin', '2026-05-30 23:24:51'),
(88, '2183035dfcfa22ec4583c58b15f3c76b2d632bee161def7872ddbd4d11b8a018d47026ef5d4b82c1905135718f644b9322f8c2870b478c4c71e8ea460972212e', 'admin', '2026-05-30 23:28:03'),
(89, '8676afd77717381da88cc0ac77a1ee571793bcb3ff9c48ffcb7e41f88dd4d0bdfac04c5fc41d3c92e161facf6e869e6a1749a6b3da58996ac60f14b0a9cef231', 'admin', '2026-05-30 23:41:23'),
(90, '88da9fd6174e0eb12aff96cf32afa7949d494277105c248737f7e4f685e950699e011d1f9a217565e819bb333044314aba9e54ce9695eec1029fedb61f8a238d', 'admin', '2026-05-30 23:43:08'),
(91, 'a98bbb3f0326a9d537dcf65c3a20e1d7f351d4a2d5a79a4e568ce7e61322fa405a620d0da3f7418c0b166bba790aea4a72be8cd026632a11913ac4db8fea0849', 'admin', '2026-05-30 23:48:05'),
(92, '950d2782ed8c7d1b0c83fb3bd48533191632a4ae21ccea80e54dab34e9a1cb10cfc68311cf4325ff11fba5bd575660fa1be8fdbf282c9bf2113920599c34efcf', 'admin', '2026-05-30 23:50:31'),
(93, '297bea0aa87b38f49e1855c07280e67da8b3a3ea0fe353e6c7048cb0569dc055a3b2e092d8d36260c8ed9d88202319de593ec4ea52b6d153d5a4414a5bea5fa6', 'admin', '2026-05-30 23:54:08'),
(94, 'ce9c4f84c00467bfb6804a5a12d108023c321c4878cf844e5224f7fb58f87c825c6306a1120086071d3b6ff938c86ebb8c958cda0b1a430a0d5f63216bcd1889', 'admin', '2026-05-31 03:03:08'),
(95, 'cc4ad2b39aae4a0b6e144796999329db575a308ea8a4c0209f8120d537889105e855f62cd704c3bf1d89c246627d0c1765feb37c9a4b498902333134fe50b331', 'admin', '2026-05-31 03:07:42'),
(96, 'efa91ff831cec5ca198fdd71e9e243bcb5a930ecf276894ad8d34404df8b708809b5945a8f43fce6b700d528f2ae30302b963716b299a5923efd74343ebe658e', 'admin', '2026-05-31 03:11:14'),
(97, 'be93ccc3d2ab48c4867aa7a83983f47bacae29d34689f18aff9d6c712eca29f54d0ec5b576dcafa66019dc411a0701ee2e2aacb8a0052bb8387b2e394d65c847', 'admin', '2026-05-31 12:18:50'),
(98, 'f77bfd2a6562dcf40d5768c7d3547fda01e11804b2d7f078a6e7d1b906f3916831525216b1e322a71d5d030c8d6399c7799aef7f7229c5c9d0a606959116ec28', 'admin', '2026-05-31 12:25:20'),
(99, '78e09d418913e39ff238b48da282840fddde2eb7d3c1a8809458a13b3cc542588d665a63f29e0a64a65dd917e4689b739ad607e1c2b9f08368e72b84d1421e59', 'admin', '2026-05-31 12:43:03'),
(100, '03871ea852552663dc1c06777add4709e2eaf2fbcfa2cbc02bfccdd423a960bce691632f8ad5dbd471375891130a90616419c29d9bd3c731d954b33972bf1fb8', 'admin', '2026-05-31 12:47:06'),
(101, 'a5662c75d89a34b033343a0bfe505eac9313897ad882259645883abe226a995582f0cb2b4bdb3f72ebd5da9a2edf48a770407e0455b8b8df94927bad44d7b1d6', 'admin', '2026-05-31 13:20:41'),
(102, '895504833b304dc6cd27f7205f2ba9a3e622fc56e69b476371e7b4f6158eba5be1b76b14b0fb084fb3e6cc4601414f8ecb50c0828cd308110d1e1fa95696096a', 'admin', '2026-05-31 13:23:28'),
(103, '26e66e5cda26913f51c53cd894b186b7e6a3a3531b00bdafb93e6b15dbc6ef0be2aa6fb123e5a50bfc8dfa3ef5aef13baf2323db337e006940a3643930462054', 'admin', '2026-05-31 13:25:11'),
(104, '40caeecf4e2b24626b1b1f142bd5f63eaa706277c0e39170b8145d8b022b8290fc47f1779404c0d065919b9a4a8bef17fabbbb67af7b87f36433eff4a48456ca', 'admin', '2026-05-31 13:28:50'),
(105, 'de6f964a66a87728bbcba227396f195062dd5a67793987e77e92a2e3d1afe8925fc1b086fc500c80251a2a0be2fbb18633860960ba31650b3035d88bc57f2fe2', 'admin', '2026-05-31 13:37:52'),
(106, 'd81eeb8c3ad8b6044367f2fdb28ecd69d4841ce9861e0863ae37589bf9c3650c283c1ed83a4395f5f7477b65261df13e7ed801b42e101013d9fba611cc027123', 'admin', '2026-05-31 13:46:33'),
(107, '5cd1acf1c6bedb8e9ed8f7c428f9dc4bd11215cfc658c1a3cf91d8c555f05effcc6c1c1e67d9c2b7439a42f63959f47b858f56604ca82388e867b48e4e5cccf8', 'admin', '2026-05-31 13:53:40'),
(108, 'e9b2665b09a7830ac0020c09e430463904c12887b6c3b905eb329bd74e77c1ad227e3839121f9a060e93d73fe503f67857ec50217d895f56a622b312b52184ea', 'admin', '2026-05-31 15:00:11'),
(109, '5fbe275d4f4c6591cbade23c369a88aeb5541f06cd0d33a0058196c8a2673b54e40874b1818a2e6681fc7c5f6e73d450f71bbe658a5ef65fb66573d47992dd41', 'admin', '2026-05-31 16:34:27'),
(110, '12047ef4532652ffe775cc4ee3b671db1b94a009996793358cb6ac72d4d425a2caa200023132ccfbcb3dee46cac356ac62b2a6ecb92f30514ef7005b535eac05', 'admin', '2026-05-31 17:36:58'),
(111, '286f851d3999d718d0f6369704f7c04a4d909d02589933f398714517d61d330a13f93806898484898e12a31578aa851ef85adc13e2617fb5a017802e33c243e4', 'admin', '2026-05-31 17:55:06'),
(112, '6ac3da75aa99b31dde942135297bc097cff2657a6455561c8eb5b435aa93237226775901e440dbd1078f2383f6285e384ab74c23482a9da9e4ca42055f940c05', 'admin', '2026-05-31 18:08:19'),
(113, '610a42e839237d029eaef486ca0793de79a47bad751cd78fd1496808a4ce8addde7f3f6a839d991dfa5e4c71ff0c0ae6ef9d6b8dfb556ed40518b65b1cb5ac23', 'admin', '2026-05-31 18:29:39'),
(114, 'b0f6ede4f5cd594eefbab4f826e30f000d78cd601189d567aefa21baaeee9eb6552418edbebe344b44ed77ac82d68d6f1e1d179d3b699850fa42ef568c5b69da', 'admin', '2026-05-31 18:43:55'),
(115, 'bc4d370279487a8857a9911f44e1581c70ac6c7e5aef75f6e885bb5cfbb12ea6c1b95e841bcea9ae5fdc73e1ff86cc56edfa58fcde883bd59ee005c4433c7a54', 'admin', '2026-05-31 19:31:20'),
(116, '12473cc214684cafcb12e0263b522042d3ae0d89afec136180cee0acc36bfa5d7b6a840686f48afee857e8690aaafec6451cf2fb0315bbe2fb79294af6f7c6f0', 'admin', '2026-05-31 19:37:43'),
(117, '7ac588807188bdd7b64e7c2348c7875c09bb48471a61f49baa89274c7c34ff61b976a874b0a8dab89a3d2269c7bb78694d163b0d6e5760eb08736e48f5ee43a4', 'admin', '2026-05-31 19:58:52'),
(118, 'db6faf084e4df2985f69a6812ea26b8fe18f42ddeccde61ca14be94666b0c9e36ccb93e832b5609bdfd13d2083a0287d7f2a1a6f2c9a260deb4e61a63cbe358c', 'admin', '2026-05-31 20:07:19'),
(119, 'd4e0102de2cb5cadf8132e42083d8512d4c33b5203be0a6fe7015a0267c6ad3c62e5a4fc2975f7a8103d2e0a835d881860e3e0affe5df8d6cb5d43c33527bb0a', 'admin', '2026-05-31 21:35:18'),
(120, 'c42e0034c2a3176f0df53f2ddadaee86ce1796550f693fa585c50e76af73d8654a0842624f9daafd6990418d773f1f33ce9728358df32f2715fcea6c3969defc', 'admin', '2026-05-31 21:50:43'),
(121, '060a5ae1f9ca59224b8ad4c4d82adce8a2fdca5bea1f55a45c2bcee3231abb519a15731b9f64315c1d0ac8e3eac6ab5d10b5b8db7a99586ab9b9e3e7539b138e', 'admin', '2026-05-31 22:19:24'),
(122, '0d284b255aa4b8dc6b32d5bab79db6aa5fae85e76d9e1bd9e2e041de6dacea7b7a4f30c7048a082b51ad92d9e7621993536ca122013ac64afc91d9ca5a70dc2e', 'admin', '2026-05-31 22:24:15'),
(123, '4a9421854cae70daadfba293bb3924d21dccbbdabb0e81dadac4e9a1728b3454277e555146350864bf8019e4760f69f9f940ed554785e5c09cdb07e9f41f37e5', 'admin', '2026-05-31 22:37:04'),
(124, '58edc4dda469802511adcadda1cfaf7c18a1bdc460665ec63d91de5a2bd9dd5f5eff575821d1e006fd75b2a699a2fd335c86982ef599609531d253b71f53e854', 'admin', '2026-05-31 22:58:39'),
(125, '820e6b70f0463c7c28c0a483518f0c8ea3cd45691c62ced07c54af9ca78782f7318fc488d28d48abc2b81abf40fbf3c245df1ab37c2b0b6081d3d29358f05858', 'admin', '2026-05-31 23:21:16'),
(126, 'ae9550c70802a74d1fe985aed52e1f0025cecff873f13a844667018a52591832d414df2657d2aaf2b2ee67ab385ab67e786465903a9dc573fe00adefaed7f3b4', 'admin', '2026-05-31 23:29:59'),
(127, 'ab87e707dafa9fe5f8ed2d8773b037375d2f1706282c08a9a796ac2798d73ff5e7a0fcf99b748a13e8c6d81599e66db9022bd1bd255a4208db76fc5ac166bc74', 'admin', '2026-05-31 23:39:37'),
(128, 'c9a5c6975c41dead94ff05a4d7457a6abe71c67a3f7f957116d982fc286a59c13e7981334da9833046e3a205a788ab9b14ce6a571f7297cb7612a138fe665d7d', 'admin', '2026-05-31 23:50:54'),
(129, 'f2b8ab13ebfa50ebe92f4e04604b1bf3e35b1c330923d970a5307341874c6cbf24ec70e91793aaf26fb20d6e75067738ea09ec7630120f26c25f227b13d3fa12', 'admin', '2026-06-01 00:02:23'),
(130, '801745444ec2305ea77c73ade68e5de5bf0f378c8af9b9075664cc71687863cc0a30ec821434b7c1293c3af365b07300e33e172d2cd8f0ed19f7598d6ca2a207', 'admin', '2026-06-01 00:04:58'),
(131, '63dd042dad32fab6bb6788b123361757aa704432fbd56c60e8d42ef55220d3282c237b95b7215908a30e254205a30888c46cff4560ea3e420c4b008aa43d1493', 'admin', '2026-06-01 02:35:52'),
(132, '1be8b9357e8a7d28de404385c7b5b4b33e25b8adf6a304361a631fa4d03b250c17d5c3afb571411090a3bfe10066595b2fbe42b706c6e3f9017e9afcd891f388', 'admin', '2026-06-01 03:01:56'),
(133, 'c88876f61f9a36d64073ab8b6a5cc544ce11e154e6a98d49170f96c8bac95b755998fa1ff45c933b89c97fca428b24ca92bebf6b3f83034e26f20cb7da336257', 'admin', '2026-06-01 10:59:42'),
(134, 'bd925e923ddeb3b81693895df5c600736417d20bfd838f6d0f2c935d204807f8c9a7dbc9793f63dba1da3181a2cae025d4e473a6ef887bc21ac68dbf67ba24eb', 'admin', '2026-06-01 11:13:50'),
(135, '704336d7310472e9243a7aa27c12b371d1d74efa7cd3322ececd38d7f54eb9e3486db97021f0a8f5990c0adb105e0d50a51f90814e4ecb34f30603053e2b432c', 'admin', '2026-06-01 11:19:24'),
(136, 'dd28af9e42624dbf86a02ede6e06425d735ab3ca854bf3a82c96a4e2563803562f29226e0d9b100313819827c58864481f6814cf1473b2ae755315a2ba135b5c', 'admin', '2026-06-01 11:41:14'),
(137, 'c31370974c19d4252fb21823e86213bc5dc7f4a55b0ad65a3faabfabdf695a087fba51ee0832b2b12545bacc6669bbde6d79a665cabe560fea404df81cef5f6c', 'admin', '2026-06-01 11:57:30'),
(138, 'af7f96dceecd1dc137e3afeb99a572db6c5e7200dadc3455d92807d7860809bae2e14610fb3fbab3397c0015d256987e897ba2e0adba0256616d88da673f2532', 'admin', '2026-06-01 12:05:25'),
(139, '80e4733c61744cc2ee1ed31c81b54e3d0148ae8722321db4decbf2b93326578a8dd82b61ea420e15704593cbde1a53fd3e9f2aae1cf2ac1dde47de7b091414ac', 'admin', '2026-06-01 13:14:04'),
(140, 'cc1b3c94f362806df1381d1924a2a65a198ebba034a96b9b6429ab509b5980898ec2e561f28cf62841b64b19a9f845746b8df01700e9b114a39b54c708a2c2b7', 'admin', '2026-06-01 13:24:07'),
(141, '055ddbf0fc256afec6528eeb0c54854e11200e9a4ec6675721f9b0addfb1b33faef6b7c3c5ed05d4eadef139af1fb4d5ccb1bb9fb644ffeab9eba04bb9ec4896', 'admin', '2026-06-01 13:43:21'),
(142, '1da83c5764f4fee7fd783be5e1f4b91176dbaf847602574032338d9aca474b172119a3449537476ca490ad1a294a5ed984cf0a3b4b5325dd0c384e53f25bc530', 'admin', '2026-06-01 14:10:17'),
(143, '67a02d728a4eb5bd98a1e4cec279996891a2c500413de3d59ab3c98b53fbc087a8c384b0dddc36f5b16ff90f0fccb08b32ca7c59640ca9dfe28df77e51af1669', 'admin', '2026-06-01 14:24:28'),
(144, 'adcd5dec34260241f70247ab0347cee3f3723e420306922a982f67688ed9bf6a40936512a702877aca4ea2aa3a5a063c3f772a0ec6bfddc05f25096c608fb2b0', 'admin', '2026-06-01 14:34:46'),
(145, 'fc9590cfa07057eadd8fa10e7493a72572a81379109547ed08eb15e40e4979b5f13b018884030b40cfe3bfdf640e7dc314b46ef2891e714cc71e709a2bca230f', 'admin', '2026-06-01 14:46:09'),
(146, '4e34085b407fdd2b2d6f38c16b4068d4902a78ee9568d41a40120104d3c23eb2299066772cf9ef1aeebf166e5f8ead11fb0a8806cc7254e3b514f6d9009f24eb', 'admin', '2026-06-01 14:47:30'),
(147, '173dfd5c624507c2e7306a4bbe2b168b9caf3b6bc4fad6e3a0dbea8ed4276d8e14871253990fdbb2cf5b47c990b501bc3f8e66708b9270027084b6cddac96315', 'admin', '2026-06-01 15:17:48'),
(148, '5a298b29972c1cb7404429941569770ff1d9b340bb5db1916d8700fd9814c3abf23204c42429336df8de1152688abb28f6cbe5bc597a7223517f77e7dfde39fc', 'admin', '2026-06-01 15:39:16'),
(149, 'e006bddf0c11575c70c42e7095b1b5a19fad753c1b4102313aaeb8c6d65900435e7dc39868fe3034973e69c2cf4d73b8c119c7e7c72d59bfaa8cdee8d772be65', 'admin', '2026-06-01 15:42:37'),
(150, 'c6e89e46114b679e7332d5ff47fe68540943ee1643ed3b1626d1b8e9362c6e95afbe66421689bb4e8c319e3045e15fd08f5cb5b118aeb41c0c8deecf717718bd', 'admin', '2026-06-01 16:24:21'),
(151, 'e42561df4913f7de3a54eedac4a962e911a55eea080d1ff9cfbb2581670f503daf7c6f3e7eec07c59b8edaf42c42273855ace4d0db213e25463800c1ddfc5e97', 'admin', '2026-06-01 16:26:55'),
(152, '46cbc733db8a1ac726ca32b32eaca72e937d65cc59f7a7bd8660e885a16aebb771f28506ce0fafea7580ba50e17414c9f15c531641734a396d3407475fc5bd7c', 'admin', '2026-06-01 16:45:14'),
(153, '630b7d47d543ff72d61467f90d821ef2a22e369a1ea3664e41b1b4f7303a3316e1d73fc749eb75b0c505248c60525aac17cda736c77a816daa61aee27422dba2', 'admin', '2026-06-01 17:09:15'),
(154, '380dc23725f1ff77cc584b02875b69bc18cc6b7e8da9fdeb2a44a6c7b6ec3495419774e491ecce0c448676061e306ea90ee6515ffe9a2fce7bf08f40c4272a23', 'admin', '2026-06-01 17:12:33'),
(155, 'd103b61e07f9e7f838b83e65b90ee841cde8aa8eb6695b142eaca115eecb9ee88588ad0ae10255a26eeea894bf5e9efe02b3fce0359c18d63d10e9cb37bbf181', 'admin', '2026-06-01 17:18:14'),
(156, 'd0314bfe53db48e19524cddf4a789ae6b7cba4f34a53ebd3695baf7f2df5fef276293b6bf2394694e2ee991313d0965b02c778d9f2f8880086a829803d0748ae', 'admin', '2026-06-01 18:34:46'),
(157, '66eee4fbb635e54b72512a40315cfe311c6b80bba3737349f808ee87aa0b299b32f6bca366b1dba30f4bc3c381a6bcceed9911397366a9e2c3fc3e2e163e5de3', 'admin', '2026-06-01 18:41:05'),
(158, 'dd9d0b954d1d639123eef67ab39b7c13f96596beca3cbdaf915d12d86942e48dea7a119e90621b828ca468b868b46252872b6f4b50cdb5070bc8449abb834768', 'admin', '2026-06-01 18:50:39'),
(159, '9cb5c631d8f0959b5d7e007edf866cc1f71a38710a8d8c21f0cfbaf94aebb35c696590b5bee53a2283f9349a7638bfeea713b178bbeb985e40efeebadc77a05c', 'admin', '2026-06-01 18:59:57'),
(160, '3eaa1b68921cd27488afb19ed66f5b4f8ce7225e5c86f292be35cde4cffb4ea871f6b2eab48743f727b1303c75986d2f0be90ede0e73b8466629c48499fe5c90', 'admin', '2026-06-01 19:19:05'),
(161, '640022b95fbaf9c4cfbcfa44a7b7c17d6f556160ed99f525df78e5ac94254bd4c7efab94640baba67a1843a7f9ad51b156152ec35f44f779bdd612b0553d215e', 'admin', '2026-06-01 20:07:55'),
(162, 'b6a76ba1978a4c2143d94b2a0914cda5189f4a1bfab0a3b942c3cf7d48d252efe057c8685dd8ab8eb2df30e878e6df0108da9aa2003cd09254fc90120e17b176', 'admin', '2026-06-01 20:32:49'),
(163, '672ff657cde4517c031204159bdaf89f57421e94cbca122417dd7a2a57c8e758d137a9d45d84e5fd08d0ad939cb4e229c751a7dcda2878df57d4ab8a20788ab1', 'admin', '2026-06-01 20:44:05'),
(164, '0bf514877e5435d8e8db7e5734f7dd65bfce43295134010f439c5d394ca60c70a5da16b0f5f4237aafeefb57e7a5b26d1cda5234621c1a66211ae61780dc2d73', 'admin', '2026-06-01 20:45:50'),
(165, '13f2be1b6c0d05a4288bae3daa60abce8af364d28491147190f4080a818636f97507d9a0c698014ac0c36cfe36275d658dd6a1cc06742ddba99b8881459dc5d8', 'admin', '2026-06-01 22:05:08'),
(166, 'eb62cee2caa12442108b5aeffe1fceded832b530ddd8d7e87e157ebba060027842c791e19e736160836b475bb84169d1d9aedceb59fc5d819398fea6ddb3fdc6', 'admin', '2026-06-01 22:06:01'),
(167, '25334f925bed33aa9ab5a3610a5fedcd86287ddcd82166ebb7b9fc32b3a47158f0e7e0e71e4e88ac4d3df4087a36213c0eff476f531bdc77110cf6d93d083244', 'admin', '2026-06-01 22:07:47'),
(168, 'c0832ae346bdef30fef340ffa44dadee34a993ccf52efaf1a72c503cc917ec86b7164493913df2b57c924d9385623b78f9a2896e664f228075cc2b546f385f8d', 'admin', '2026-06-01 22:08:55'),
(169, '7ae4e8988d5da40a2e16b43f47d5f201ce4caab87e11be537ab64a9075bef91c9050c65915ba9949b7dbc441c280d2d11a171327c82646430ea313e4b18b0ea7', 'admin', '2026-06-02 02:57:52'),
(170, '4fed0e9152b8aa516398cdcb5e9683e33d3110f931819a5a75840141a59afd4f94fac6fd4629c435f9a715121165ea7a72cbb052efe5730be670e5e6559cbdd7', 'admin', '2026-06-02 02:58:02'),
(171, '7395650b1980424d2949046853630db355cb42c3635bc6c65a35ce2346ded4100afb7238fa1ece57a4b4a0d9846895cde0bf790ddab28a597149232cdc503114', 'admin', '2026-06-02 03:10:05'),
(172, 'c346e4691adb37de16d446d1175d4c750e1f3877a92acb7b8d5fc48c17e3abec126de6571170a95099f0bcaffa9d24427c3338975c7a8a982bbb9abd1ca06be5', 'admin', '2026-06-02 03:11:27'),
(173, 'fb82801fbe128cc271defa204a07dc9bb01d794271502fc69ddff3de822bd7512947003205c8031fea9de9d38301077cf4bf7d9834fae28b252995c25a0b506d', 'admin', '2026-06-02 03:22:06'),
(174, '73d46d9b5bf08193354d994614ea1be06058c3590389c44b38a05ebc2501bac84ac52fe8c2e10a84a1e56c8a43ac5230e5aa9f13b213cda94ac6839cce07bb78', 'admin', '2026-06-02 03:26:53'),
(175, '1b3557d8ff39621fb8abf2d63e31cdbfe1d7953670d47927e10922972a8a838d3086b6b2150775dad86f47ccce136f2a78f81593e9392341a836660c0012081e', 'admin', '2026-06-02 03:28:34'),
(176, '4d86e5b2e0a52047989baecb7ed9fa9deeb3f3853f42497230f326e6f51288d7eb2ac7f7a4ed705c7d622ea348a2f1f7a1f4d46eacb4bde2ed5488a3b0f934ed', 'admin', '2026-06-02 13:24:45'),
(177, 'f5c1ecbcb05a39fc834e2aa54d49411f2f16cdb7ef9fdbdb6bf2b7f3129131f8b6f9a9c57d5ced182cad2bed51b716b0e9fd048b8b9229911fd10558fa3fe3fa', 'admin', '2026-06-02 13:31:07'),
(178, '9d8df857a40fce8dbc426d023d7d46e854efe156d8341c3fe0db753a5efbe5cae0bf50232224280ae8bfaf9f6c30e8d05aa9c5ec43f334add90d14c18afa8c29', 'admin', '2026-06-02 13:51:21'),
(179, 'cf835dd5f8d6c56aee1ac16d1d79908db9ec1fba1ffce6b838ad8864197082cab8ff51f35bfbde01ee070168121276f1b0bd579b029a83b08cbf1bb281b5b8a3', 'admin', '2026-06-02 14:09:32'),
(180, 'cd0434bfeb593ea21d09f4bddd2bedce7c2fe0205a30c68b1463ed93173a7d9a817276e709ab3e4bf83fd8f889e1413dfb6cbf46460b324e4e200f00590f722f', 'admin', '2026-06-02 14:31:36'),
(181, '7fa4752717a298ec2d61425aa6341a7cfc87081679652cd4657978d9dd3a9e097a629bd4524d3aad5f356eef8c643df988f98a669690278ff6ad089dfd1cd5aa', 'admin', '2026-06-02 15:18:22'),
(182, 'c8e70d68cbfa09748c3806936c7a17b7e716b93f2ccb5328851e45584d4fcbe5c0b2eedb3c55f7dab6b26057032fd7f5fb924ecb542227b25d9bdf5e66211e0f', 'admin', '2026-06-02 15:30:41'),
(183, 'f9559bd300d72d16d19c8ea0e7a9cbfe6ae2f9cb612a37c4e867b1dc618f11ae5276e288b4307ba6b856431d9fa0f67caf012580e19d29fa333903a98e20205e', 'admin', '2026-06-02 15:45:16'),
(184, 'dda1cac1cba66a2b6e6e24f9955a1b33d02cca46972f68307a0582dc3828995cc3265b07439ebea3cf0670a27cfd097398f419c5635a787d05e1a5be9a17a586', 'admin', '2026-06-02 16:24:57'),
(185, '577823957480cde3b78fd177674babd46710c94b5abb6fd64d68721755ff288a79f08258b68ba25ce4609c6f02e8bfeb399d2c2d17d6b9cad282a5a1bf9b47c7', 'admin', '2026-06-02 16:38:41'),
(186, '9107375225432ceae0ccd885ceca72b39c1119bdb52381b3c668af3489d196ecbd9e61fbdc84b0cb6fd4d92d1fd08cb73a4f4fe3b4c5dba36979346bce480bcf', 'admin', '2026-06-02 17:15:50'),
(187, '6236d26f8916f3d27b6676f3323a29a39dddddf1f666c2f785ff594ae61ee12de1349c0263718558430d10b541172439b96db0da53df5b41a993f79c5666c2aa', 'admin', '2026-06-02 18:27:46'),
(188, '6c3514714dd26b9f14d59dcf6ef0db9091a61332558ff4b6f8b2055f78a5af5b587cdb46ad98276e30b124cae2cb88d72754f8ba090227cac5747366d9d37be0', 'admin', '2026-06-02 19:03:14'),
(189, 'eba18d97d6d129cdfdd726432dcc50ace6b46f6da8ddd0e0918ff996a5571bc09a32b4c766a1d7b5391af361618194a8c15afb4e7e096cf48a8e67089decd8fc', 'admin', '2026-06-02 19:14:50'),
(190, 'c7d287f9ee7642f117c838c213b9455d63aa5ed1f79ce7cf443aa56173fe0bc67c8cc3a48a187d4ed380caad7ab77627e977cf20db05ed0f8cdcccb5031582e8', 'admin', '2026-06-02 19:17:12'),
(191, '6bc749d8c9391b65f8b0f10e7f6764df50e358953d2c0051281df7f3b086dd4da07a503c358a2c31ccd4176b8ec2a760b7cfea1210d98c4952b26679dd6881fe', 'admin', '2026-06-02 19:21:39'),
(192, '2d642e7949518b729bc9616b6896667154689cb7ea662f025b4798ee1b2c47002ab71210c929198fbcdea34f84289d40d6373a9ddf7d7d33a61b3493485788e0', 'admin', '2026-06-02 19:27:54'),
(193, 'd64b3a3f57823c3b9299c2d21fd4fccab357cdadd8c22463d520a017196a7f0357e0a02a024f35643c33b032777e9fa48a9574c46d882ba7eb59c62c22235f7e', 'admin', '2026-06-02 19:30:21'),
(194, '3b0e4a966bfceb5827ae01eefc096f31f2fe55be25fec3b57f56b60eaeddce160d0a9a1db1d9d9d249e735c73d9db8d038b5ff97c66f53bce481bebb870f8958', 'admin', '2026-06-02 19:34:23'),
(195, 'de315c24fd5385e267919709842d13fcc053d866ddd452826142d5d6e07899749f72b82af43ce2d5ed5e479d7dc1a4dbf51aa2705db9262d084e1167b1b1bf02', 'admin', '2026-06-02 19:59:11'),
(196, '188d2e3a1133bc057124ddc2833d10bfb0edd4b1ff1792d9248a6fecedb01811a786641d2cc8a93075cd23f3c4ae78d1a2ff1ecc053fc4af087d879cfed4eeb4', 'admin', '2026-06-02 20:01:05'),
(197, '5ad1b28e4454e9d2018fa5e7ffa3a4380a794bd6d2b2969cd59de3c31f9b56409bce248f418f49c68f538c526032fe8d94707ab163a75195c58fc19e8e539775', 'admin', '2026-06-02 20:20:23'),
(198, '58178ef0c9656260930ec75a9d436959568f238594bca415777e672ccaa827e3747aee8ed79f0c0849fe0f5f3f41379d706a4ea8de85f8b6bfa29c11c273b79d', 'admin', '2026-06-02 22:03:19'),
(199, '54e0a2190096f06fb839fa998a2b93b06773b02abac4e17afd0a7ec5f9938a84bf84db99d789e9a31e34f776deb902d55f88e369b903548a4bfbee606a337700', 'admin', '2026-06-02 22:12:22'),
(200, 'c7f94f5bca7fa69e0112944e8512ca33fb7d5d92270877e9b2f40b2437872a20f89a74256492db7b26181189a245a6b2a4598b7daa38576180d99a330efdb5ea', 'admin', '2026-06-02 22:22:44'),
(201, '550451eae638c2181848446941f988d28b59c83b05e8822d923eebaf25e759713a680fed61c4a8ef1b8417f5e610e112d54f4f11f003310de66949c4567e0af3', 'admin', '2026-06-02 22:24:56'),
(202, '0973ad462b5f91c2dcea71a43eeeeda98cb52600a9bdc52c5c12b7420d0715289d32e66903993900c9e1a9ca5683c1557466270c2141e308b3c994c101a9f20a', 'admin', '2026-06-02 22:25:52'),
(203, '23a8b8032fff5ce3141986f53129c48aa99a554049f55b3c96dd629c89a40f6e8598213c3793efdd83c39ce2721896727325cb82ec676bb285d97fdbe513062f', 'admin', '2026-06-02 22:32:11'),
(204, '1f1cda16b4e5ecf5801870d5179a1d44d30c58af8bebc6955271b46ba4bf33dee84eeeefb6b3467e6d1419228dfbe710f63c529666b444d89e765bbc7d82b016', 'admin', '2026-06-02 22:33:19'),
(205, 'fc753052b8021c059f33b747436ab1fa75b8cb4e7957f3d3711de4e3de95c347a24e8883ff37d6f31b1d04c16169981e9c477af96b15fea1df81ce3a14ec31fe', 'admin', '2026-06-02 22:38:48'),
(206, 'b3e4d5a85cc75140c1326b6daad154a0536d67ec1ae1a267a62d3c397cdcb34c51886350ff8afde22107650018800173ef260b7aa801807f3b64e0d6effa6294', 'admin', '2026-06-02 22:41:25'),
(207, 'a52e23ae0f5b63e029c7742a8f3486e6c121aee9b20adf4d45e5d46e58f3f8fa7ad83ddb595dd8075eb6aadc9d7d0b123e3bb4728aeaa2127468f32621c6af78', 'admin', '2026-06-02 22:49:54'),
(208, '9922461b960884aa7efdab001b9b0af8e27b69d2bccc560edbc758f4812307178adbe1dd59b3d151f8225d9ebd2c02560ab16a00882a6b6031ff556399580157', 'admin', '2026-06-02 22:52:12'),
(209, '0342687bd49e4cee31504851825bacc5dbf6e6723bb50b50d80ff92a62837bf0b95a66d90f973e859006b456f1605e0266ee56fd16438211e6d7869aaebb9cb0', 'admin', '2026-06-02 23:08:04'),
(210, '15cbe4378ee68f6637686e4d772b1cf2b528dfe45d91a856b516043e6585cc7811846e7983955914c32d06d3a349fead72788d7d101a22fb31760ce8fbdbfb73', 'admin', '2026-06-02 23:22:02'),
(211, 'd1a590bb19d9ac65137c57d64e35ec086b176b08b3c8e7fddbd21ef48148fb5c247f914c0194f887b4334b3d685b7afab545680273788ec33d2be10361a3be85', 'admin', '2026-06-02 23:23:36'),
(212, 'be9939626f08b7aea40b1d06eed4539a1bebadc69dafc3951298f9a0c3be81a5e3becb21bd12c74971da064671a827ebd8a111bd57450729161cd14817fe3418', 'admin', '2026-06-02 23:25:46'),
(213, '4f3206bf496c9f5f2a261259f45e1b968d81a6ebc68041d0fd06ad3e2ee6d30822908b7fcbe8e6f5dfb21315646c8d5b676ed6e614a49d05a88625e9db8b726a', 'admin', '2026-06-02 23:26:29'),
(214, 'ab2f9953bb6d760ab15c8010a33122a55f526ad82de9f6d28ec30b1937033c98c64a4a187ec8d31ae6c295bb82935cfae9e8ed65a58ff6f2d965cdfbe1612e09', 'admin', '2026-06-02 23:39:03'),
(215, 'fdd818b309d3cbaff08ca2b590dd288497702e764ef2ed16ff82347bf404d744e93acc2175c581885f5ab01ddb7894a40d13384de0b6130e6207c0cbb3e9da26', 'admin', '2026-06-02 23:55:55'),
(216, '8340242fb4af84daa9069439f7695e90dd7d8bc2ee7e094dfeb61dd7d722a1b6d74e5261a1343ab29c84bbb95a2a74c035ae15e9880b624e64d99c75ed990796', 'admin', '2026-06-03 00:29:52'),
(217, 'b0af873e5b45e9c1a05399eae8cf8abe912981abcf6686a9f5e08e538e7b7186b6a6db5df120f5944fc68575be1fe62654b54f2dfa178e0e3e9ef4ffa543d47f', 'admin', '2026-06-03 00:56:11'),
(218, 'de45415d0263b6fa9c69518b5d5fcf624cf3c017a33205d8bc2b24c95549e162fdb4d387f5ba6cb957e8acca88bec3b6db1ab75c9fa72ffc54e234ec06f24927', 'admin', '2026-06-03 01:04:22'),
(219, 'a2eb7da104520dacf52dd089f7211c509fff9b0213b5c8b6f69ce548869f3e9c01b83093513f39441ac81d4ada43d1708849090e3c6b7426c465ef5100850559', 'admin', '2026-06-03 01:22:53'),
(220, 'ade942ab579faccae2bf82325bd494999a2114892b1b84c1ca6e9b448401340a7099ff76336e383492e44f6f5d4541d13e3dea4c51495ea3e920b5165b4ea03d', 'admin', '2026-06-03 01:23:49'),
(221, '9a172e7a4362b20e87d014998e8523e137704dce9a9a5eca6f417fac6673490f8ad07dd57eb7be2a7b7d9fe7474555cef6aa8cc87d476f18064505ee23eb0d4a', 'admin', '2026-06-03 02:32:13'),
(222, '6c654200729ce418040edb45b47cc62bf3aaaf709bd0a3c089c263438a1f3624defe9eb88ee99647760a4398c0d3d2c46e5e6a8cce063c8f61252e8f902f748a', 'admin', '2026-06-03 02:33:21'),
(223, 'd3e91771ff1eaf1e24e99766948da6e0b2eb257dbfc2b19af80744aed3925e89e3df2ff607021dcf6b5f923ea0324e610e8abbcf1cee62da76441ffcded0debd', 'admin', '2026-06-03 03:05:40'),
(224, 'fc33043b38bd4d84c8348858502c9dd6350d25ed577818052413d39cdc8c81a77d2f5894d9c85ed373caaab9b46d6e8db45b13190815be32ac6df69ef5d12a8e', 'admin', '2026-06-03 03:06:36'),
(225, '61ffcd0f1d705ed2855f90cbf67df7f2597b0ae826e9bc965e3f3499051489c883beecbdf1766821737081fab50513f27ffdd2f205a0cb27213c70c48cd88207', 'admin', '2026-06-04 20:07:52'),
(226, '7158716d8a44c0decbdedb99489f16c7633ba6babb77c10c265e1f0d216292ed7188dbc64d0da922cd886d5dc59bd9e614742fb7b685c46d58cb920572b92e74', 'admin', '2026-06-04 20:20:00'),
(227, '3e52ed9137466a796cd9e2c0730c94485bd22f5560dc38d887be63e7249e1880ddc960bc9b1cde2a3dda053f2b4e52ddebd304e941b6252e97f58ba59915fc1f', 'admin', '2026-06-04 20:50:01'),
(228, '6dfac495ea6aad93ecc79acb9b1b27894b23d4cfd6eacb4eb9c849a4dd545d14c6a3e0a6bec41efcd5653434f97219e6ca4b821912025462474fdf87047430cf', 'admin', '2026-06-04 21:10:32'),
(229, 'dda1886ddd24daff07b64d07f1cb4544525957972d48a633053a357dae7b686476334b66dedc8c6baa4862da3615f29a67d87eb93602b2706da2378532d0a1c6', 'admin', '2026-06-04 21:10:51'),
(230, '4aa11551cc1fbefff3b687776563cb0ebb0d32a06da72ac510b756b7070ef4a039d489c20a78daea91a41b38a4c3c4f79592c1b9da6e05db1f1b6d0fc2b2669b', 'admin', '2026-06-04 21:15:53'),
(231, 'fee34dc2bfada1dc78df80e85e72b984b38cd82f55ca03a72e13e5e42e7cdfeeb8c0b652f2e976fe38624f703f82d195ff5fb0e8888f978219c07772529e75d2', 'admin', '2026-06-04 21:34:38'),
(232, '163e0ec1e884f966f8a4503fd73023f91c666f25d622fa75a33893bfaedce39382dd24556a3e4b4eb98327acc1f3614ef00ba5a9c9aa30a60cafe35a869f6d0a', 'admin', '2026-06-04 21:34:54'),
(233, '9fbffa316847adf21a9888a6352b3c5209d1d267fbfb0f06c6214146565fa5d9e1098ef2b9d6aa653c97cbbfe8f3dd0075642e48e9dcf8b32fa0d2924bf15ba5', 'admin', '2026-06-04 21:37:40'),
(234, 'f7ee48dd59656e1d9d2bf576d1978b4957d0d9f846ba039477d69e6d2f8da066485f881b6f65b9ec27e05d99067e459a3ee47e981325902f8cf19cc0702e4583', 'admin', '2026-06-04 21:41:32'),
(235, '4dd531abf54cce6ba7eb780f20cd10354d842a5236962a4772c96913750f0dc2d649590456df01c9d639ebca1dff6729d78a18c928d14b44eb35723ee0affc32', 'admin', '2026-06-04 22:38:59'),
(236, '29f61a25eb15e2c67c411251b032235b569c0b12f0c7cae9b1246e87e300aedfcdcbebfc8c7d908abace0237860f0917066f71b9906602ec9857a418d9a1810f', 'admin', '2026-06-04 22:42:13'),
(237, '12d3a59c747252080600756e744ca1227f775c878b6c360274d62783728cc57734f5055d41713a56f725008b6c6d27667af9ceb682e66b02f9d7916e6368b4b7', 'admin', '2026-06-04 22:45:18'),
(238, 'e2547e03e16a81a0c4ccd0e1f7a700fbd7cafa9d9a649b97346b3feccee15ab06d432b80dff1a353f03f759d97d98541eee7609e5f569a24ae1555958be0baaf', 'admin', '2026-06-04 22:45:41'),
(239, '41bfb9dab669b2970901bf685a760dee40e170a443b9d9e301eda4b7bd1e3c276547fa6e4ce94ca7b4cb3f95ee32bd69eba1cfbd9f5576b20cecaf881e6a5b9d', 'admin', '2026-06-04 23:00:50'),
(240, 'c285f42eaf3970a779612944d11546fdb86cceba12bac6d7617aedbdf69247817548f7ff916ffecc6dd1b30376e0d94512c2954aeefdee6581acb0d04253facc', 'admin', '2026-06-04 23:03:51'),
(241, '3b9f9190568d4470f112434af76bfbced5005ec02b543784ea2d43a1b33f86dcbcbda6dc513befdfee87c8ca54c630aa86e9180f5c45f1276a40642d5f8d8dec', 'admin', '2026-06-04 23:09:04'),
(242, '0e1be00994a52b5d5ddae403712389cea9c790b10e0a2c360ca5261110ef42c57134951805cddd5ea4a19a4685f842d5dc6897faad46cdfe0e207e13b90983de', 'admin', '2026-06-04 23:11:40'),
(243, 'e02780b418cb58482361a9ab9ce26a25586df81e50cb958fd1e5e7ef1d84c9f3c9a92ee6a4de86916741e74b44f5ddb2aa907aeef51f7fff28877c9d2fdffb12', 'admin', '2026-06-04 23:28:15'),
(244, '6cb30b9ed0d4884cc7a0090ac267d638a6adc64ed7cc88737179c2432706d57af1958176d3cbaa2f451dd0061d38e7a491fd30b0c8d58f1fcaba20bc8a4a4af6', 'admin', '2026-06-04 23:43:08'),
(245, '56bc77531393966b5334c889e59767db53af9b3ef72644e76dd5396bc07dbd839b301f81e767fd0061237fbc4b6eabb82dffbdd75d63b0f9b6058a47c812e92c', 'admin', '2026-06-05 00:01:04'),
(246, '0c7a0220aeac20ce6434d641032f74b5a9305341d3d9a1d871d909795c5322f880602b37d3e56b9f7fb3e36135cdc5dac97d24ca1d8f13dfdb2ab400ec8a879a', 'admin', '2026-06-05 00:11:01'),
(247, 'f7d05cb4dd6e31886774f3efd407a5f1b6ae9f9995368e10da52ef170520ce83ac9aea1c85d8d8a3c7a98466896c4ec117686b9919c2dc4883a90a66bae07dc8', 'admin', '2026-06-05 00:25:22'),
(248, '19e3952596bd3803021a99d4014e9241700df94c52aa662acccab0455968222b0195fc0f6a90f1738fd1dd00a2bc2b08d2c7318d8c36e0c4ce01043f7680fec9', 'admin', '2026-06-05 00:35:37'),
(249, 'f91b12cf5f6f62955e49f35cc4a11298f560251970518f45c0dfe8abc1fca157e1714256dc57b1d3904913dcd6e6a99c9361500141550c0f3759abc10db6b82e', 'admin', '2026-06-05 00:50:58'),
(250, 'efa274a1bb93c0cb1584b1aed2f426f04a5f839182fbfe354ca01514cd09eeb0dc7e438b3ce297e4369e1b9c8d20cf77d7ffca592079dec57e56904fc7c01b85', 'admin', '2026-06-05 00:57:00'),
(251, '71a4154810f0b14e142d4cbe9e3510c5291570840d908491e49da7d6c77a8daf3c696bd00eca8db087aa2c38cbda4c697048640d7b99f8a78f2977bad1ff5027', 'admin', '2026-06-05 02:28:44'),
(252, 'a9f2495841504e94108d2ec4c9c145eba89a7e80410d9e5c93c92a2e996cf8428d9cc9d994460af9a40d972e447d93255b5b326c6b46dcca88110e831a9b6fb7', 'admin', '2026-06-05 02:37:04'),
(253, 'ac9b485ebd44e3b0deb98db9bf9205e8bb7d2eef81bbc8d7596d43870b9f8124d7d3d7ffdfda21231b2f78698f3c2e196e893b74accc71dee6d325611f621389', 'admin', '2026-06-05 02:58:19'),
(254, '23d5979665856f9a89277e101cdfd7e9b9f3c82fd7ac97eaf208132072deb1560119483558c785d24e86addecb2d2e18b17056547e10298753f43ec5a0a66a7a', 'admin', '2026-06-05 03:01:46'),
(255, '7233ed4c754039f4d064d385cfb8da0c441a1140ebc8f4f9a053e3e078b30c4ffe633f2f140db5e97f8becd405d0f77899a8714e16010d05d9d8e141b27bfd7e', 'admin', '2026-06-05 03:14:35'),
(256, 'f7fc09b38da06029567ca790aa212c7554b1cc5d203a83a17b81f31a6fc3eecaf90a9298d9e2151f5532c01ba6336f945f25bf76c893d6ec2c6911c3c2827f37', 'admin', '2026-06-05 03:53:44'),
(257, '25f51431309605a682b2818c1accb8152118ee241290f39bb2116f267e8687ae071e403ae40a7e325fb1938603199b30a456b5d199e517baf87fa3b7526fc80b', 'admin', '2026-06-05 04:00:31'),
(258, 'ab29c1fdb033690c6aa84553d8383f01aaaadd88942a12a4ecb53041fa17c673d1e9ea9848cf9c19760f37de6e4caf7976caf2af3bff990a23c148423cb7b073', 'admin', '2026-06-05 04:09:42'),
(259, '6a09b114cd9f1eb2e494c116f14ed613eac556ae797c9f30c9e45f737485c842d505fb5f14f65b439b20b0628e10ae7951b7c1a17e30cd94d541e7d497c7b342', 'admin', '2026-07-09 21:32:56'),
(260, '4a782f80d8b09b2891db0c0e92ab6b8c1297cfeb05db804afb91dc6eb7572abe2eb60b655d5aa2dc07d846c0b519827a7cf1c9f4a06a11af0754f3e3d79c1379', 'admin', '2026-07-09 22:49:17'),
(261, 'c5bbbe03e1d3fd372aafd4e74fb6a901059382ffd83da12dad88cdb66b465220f7877568bc548dee0f17a1337343b471e4c4158965651ae561e7109c5ac4f749', 'admin', '2026-07-09 23:04:49'),
(262, '493660da70849e25b2278a41aea0be14f45fbaf5e25bde25b8b522bd99adcce63ef62450ad09cc8e1dfd17793280353db6c88e59e6646f6a181dbcda9a229298', 'admin', '2026-07-10 07:58:28'),
(263, '087b41ef34fcf38ef20f6f09c6a80af787f66f27eb84dcfee25f68cdd9039bc9171cf10b8a62e70bc65bca55162a5dedf15f8b78d759be1c5929dcacd37a8bee', 'admin', '2026-07-10 08:43:09'),
(264, 'a53705588bce6f95b41c74e159e24cdd9dc2d31cf356f1bc5fd8e9c77629fe88f48052ed5d83cfda357853462085a2928d2946a6a22039703a99c78e91f4d75e', 'admin', '2026-07-10 08:57:10'),
(265, '41064f5c5d6821065cb6cdb358e00e1bfe7efc05b7709fe57070916085fa34c55cf62ef11dfae7b869ee4901f878a6f573b9017ac8e759d2943be7e273eda5b3', 'admin', '2026-07-10 09:12:00'),
(266, '15f8490eff2418b9f3c97032b6e56e8f1b8579f8110d628ab12a85ceb4cb55700587ef3f1b1fdb13ad75b5df07da331e77bea974f74db37be1bc96393dba40bf', 'admin', '2026-07-10 09:12:09'),
(267, '2af54d1655368721740192333b3c4d5d1446cb3752d79329d477cd38fc4a8e7fd76937fc241c9d59d69534dee457a8995aad753a7443d0d725c3ce81c5c00735', 'admin', '2026-07-10 09:14:28'),
(268, 'ed62a19d9e8ecf68144a203282d716d887b9ad1865d1ce00455adceb8632c840783e201d9079dc2a8bdc9067147357aad72d1e9b4f0a03ae0ebe0ca7763c4aa0', 'admin', '2026-07-10 09:14:36'),
(269, 'f9452dfccb967084493971cdaef6e02132ae9b5c7d71aa349406163c1806f5f3241c1550ca6d6164531f78436b4bc9f975aa96066a023eae502210a5bb1addf6', 'admin', '2026-07-10 10:05:43'),
(270, 'e69621d1244ca4975e69c1aa5962cf9b4ee2478d1a9e9f45508dddd9e1ff520801a4aec8ef6c4de6347c6d86109cb4e6c63d8479523e37bc665aad26021c1f3a', 'admin', '2026-07-10 10:11:46'),
(271, 'af1426005be32051dbd003385e6c6b74addc11ad1cff8be60bea5a1cd5a5811827dc4bf0b41f5f06c2724a7f53dd462274afe91261f1520c2aa509e7a56146f0', 'admin', '2026-07-10 10:25:31'),
(272, '696d7af4b923fc9dee84943cff7bb9de8a1fc4a7770079a31db805bf70b1cce330014099a1a21f5f7da9992eb68193fe9ef39e41ab3484932be527126a13332f', 'admin', '2026-07-10 10:26:40'),
(273, '00f93414da8920fa24e801564e39e429f63ffe79faefb1142121d0473961a79e9466644aacde36c546e0b8773c5ed2466b12cf8b39d01a6adaa00de23ca28bb7', 'admin', '2026-07-10 11:22:52'),
(274, 'd172ad05c05f0c763e964ea1f94b1ae6a8e625f94b9aef3dcdded933edbc62b663201951b25271de460a925de5895f78820b15abb97c73b1e60ccc9945890a75', 'admin', '2026-07-10 11:36:53'),
(275, 'b7c319fa88ae165b6ee70570de70df0b6f50cf5b2cf271c332a56a750215c05198ec708a60ec62a7d5b4aad3485df4c4e4644059038fee0aeac9a736b84c63e8', 'admin', '2026-07-10 11:45:11'),
(276, 'afc93a34e2ee4f80afb5eb96365a1ab91979885599974bc41f64e36168cfb4d910bfb68ecfb38e235c0ed5084597f2497c5f400183cfb5c39eccc9f6c7256d7e', 'admin', '2026-07-10 11:49:52'),
(277, '19ff7d9cc3410d9941f3bfe201e2223faf51e00169fd04c9ffe244d2ac5da4238449eb091d417fd5993674202827ea2d73305abe4744ae8938dbecc50641fbed', 'admin', '2026-07-10 12:08:12'),
(278, 'ddae0c2285e2391b52d7fa86c169d5452d3d99083d8de2968b531727ee72e7242d49955784c0bf209c6d75fc51e62eb879d9811cee8e92f330fd7d1ef65244c1', 'admin', '2026-07-10 16:08:12'),
(279, 'c021d0b422617ffb1831d379522a74be3256fd7dddaa78699bf229bde3ecaa40b01a0a29148c6b4851249505a192fffbf42cf85617418a6d9f4b5b485d9b259a', 'admin', '2026-07-10 17:56:53'),
(280, 'dede509b17f59c289b3e6d869828c1297da5c9b598f733fd0c7c5e722f4ff5e31168e439478804bd1f929cf17376c7fd7278dee87e29114e1536d1f6001789ec', 'admin', '2026-07-10 18:10:25'),
(281, 'a15c9c4301a3c4aa0af3b44cafe0b8ae3fbb29caa7427a44341c457551a99c31d9a7b043b170b9e0a9e251f9ec1ef1293de71c049a51bc1aeb4a89ad23ae91c0', 'admin', '2026-07-10 18:49:41'),
(282, '3d48bcd7fbb0ea47349cce6ded9b0032f75b2c55b32976b8f8fcf272bb1e44f0f3b9d2478efde304a2ca1f2b65eddbc4428a11b1d40cccd3f8054a7c6a5b3a3c', 'admin', '2026-07-10 18:49:54'),
(283, 'c90ccb5cf4b197b9d75c3d68c008f80c6d47c931ed04211380fba7cc61162f6bf40ed65d448d3ccdc929c0cbcde486643a327945c6550cb1aed1161fbfe9508c', 'admin', '2026-07-10 19:21:30'),
(284, '0202f7c59f0e2d07bc2efeba643bbc46e38bc8d19d99643b1460bf497338954a90d8183de44322b70d3004848df78e5b27f93591fc7ae8e32fc67be407980bae', 'admin', '2026-07-10 19:26:35'),
(285, 'd42a2fdf9695ad9e6e95eff51502076d7aa380c9910aed9210339e5b08b7ac293d29c93204fcb4c75df29ae4dc9625632fb5c50f13375e044de98f96d498cbad', 'admin', '2026-07-10 20:06:29'),
(286, '7081f19f1ca31eb90000c50323d1c58c31f5a9afbe6cc910ff2556d00437192ca70e37ae7934682f89c39e7d579d744dd603049a9072209cefb343a95610590f', 'admin', '2026-07-10 20:07:55'),
(287, '40cf37bf8e383b1b98aeb8b085656965771280c38fce0f34bdd745c89e3fc60da4a0d481e0673a27739a35ed5bc52870dea25454635c37e10e89aeb1023013da', 'admin', '2026-07-10 20:14:30'),
(288, 'caf4688925d7b7c5864e114ed0c4cc8528e2b0adb164beaa7d56c88cab464f08c3866559b49c5d440860d96679a9bfd58ff5a93092c6d455f89295043474283b', 'admin', '2026-07-10 20:18:22'),
(289, '31122c34948d5d0de9bd5f9dc639444e9fa660b43cf33b06dd52545fe81c44e98ec82a5d5fb7cffadc19b3b53a1417a467433479f7035c3c1cf2bbe14799070b', 'admin', '2026-07-10 20:59:43'),
(290, '959d2dd5895ef7bbb213d0228b31fb12e88a620d97368c5658074dfee6f2b4157caecdd2e68213e6de09e242b34ae3d170036df019259c6815b2f096f7da85ce', 'admin', '2026-07-10 21:08:58'),
(291, 'da9d2edd98da53313e17932ae7ec557a79c79e243f610b4fcacc5c39560687ac404165eec8f386c3ca10690d3707474a0ea28f587382d65cd8188124250a8f06', 'admin', '2026-07-10 21:45:30'),
(292, '749791d2497c2a984894e44937654984378c15af14296f936cecc42783cc1969247301298c6e915ba3766e59e8e21adba2813f5a4ddd428a192e1139092665bb', 'admin', '2026-07-10 21:54:49'),
(293, '9dd5257d0bd5660e477ec2934820418476fb05ab177df2255b209b046a764343a8d25918cae99af033c04fb04f0b6351e04fd3a5c8c90cc8380a331dcb87e8ff', 'admin', '2026-07-10 21:57:23'),
(294, '302ab7fc94537001ac0354983633759757053b830b00a1eb00a80455021f1f2b5c4a9f05012e800f236a44cfdf238dab74956f215596ad22c557c13a8bd870e1', 'admin', '2026-07-10 22:22:10'),
(295, '78baae876f3d7a9695238cf26893893800069bb26058c70036f18d4a7c02c498bb267087791b0cba1ba6156b1e73daac55180030153067f77e648c70077944a9', 'admin', '2026-07-10 22:27:48');
INSERT INTO `VSAPI_RefreshTokens` (`id`, `refresh_token`, `username`, `valid`) VALUES
(296, 'dad3ea68e3642b29b6c727519a1af45c0be0a1ad38b1ec7550ca2264aec26ce5a6efd4716d4b252424807f6d407d8155c15095e40922e81e1d8bbff8ff3b7909', 'admin', '2026-07-10 22:55:52'),
(297, '296f48da7a694bf43d7031cdbbb4f55f8c3c7add15f5ba855e6c683ed904020e2d2376da9e536752d5840d80a7789c46426a86b32efb30dbf29283341e0861dd', 'admin', '2026-07-10 22:57:59'),
(298, '2f0a3ffbe46c8e1b0aa5bc5e50fcc4be50075ac210a75c2d75866e558660d75af3fc5321413394f419b5c5ddcaea31f772a9c42b5873c40699840506ae3bfd2d', 'admin', '2026-07-10 23:15:19'),
(299, '4e747157b6aff734090eb0e71163597d388cb0a3c19f6bdd06bd26d7a65779360d084f638bfd5576a31fe50588f776ca5336233a96960dc1d22e38e10946cdb5', 'admin', '2026-07-11 01:32:38'),
(300, 'b38936d75a6a23442c73a7b7e05249bb5aa0a9ea388fe0080e833a6f66852f302f146a1d170ab0dd39a70464f9a9cc77fc31dc8d469af45c67950b75a6ef7777', 'admin', '2026-07-11 01:33:37'),
(301, '43109437d92fc6efc3d8265260eb207aa9afa2ed9ea40c2929aed2a09505cc0263de756acc2faebd399a3496da8d9733eee2ca28eee1bb8725044b16d6cdcc39', 'admin', '2026-07-11 01:57:36'),
(302, 'bab73acfed7c8dc34d3871387143dbe228b5510d82964b511ba6d89e2ee4ca0256e63024c35e6d22c6b18bdfa1bff4554bd7adcbaaed2ca640fdeea7ff4058bb', 'admin', '2026-07-11 12:00:23'),
(303, 'baf1b98d5e995fa30804078482f086f63d52aef5d9c0bac0fa8df53dcdaab8570cd61a3343feb70fe1a7c303ac0eb9443be06b085ab1fa1427583f04f910dbc7', 'admin', '2026-07-11 13:08:02'),
(304, '2e3c38bef4630a3f05e64c00a25da6c169e67332047ebb5d1b8175962502ca79407a114135e76a63ce16f72718eeaf18abac3f93b2133a891cd3dd4fa8a8bf1a', 'admin', '2026-07-11 13:08:02'),
(305, '40b4f4cb328397127d5800dd2e3768f895e2a92d8dee928f3b6a9e14b90e249a1ede04933854cdceea66379c7aab9d49a8176b8952c74315a6ec12e4dd7c95a8', 'admin', '2026-07-11 13:08:06'),
(306, '20bf8908ae9dcef8affeca5d48e0ae6a4e15164ada6724135e85eb1b1af6d3fde7680614eaef5395c841d19b79729c1330f9894b772bf2d538c4bedb6a7d7996', 'admin', '2026-07-11 13:23:26'),
(307, '4fa9fdf61bb9a2125274f476f7c2b0f1d3c2df5aa27fc3ba2368821b48903d4abee369cd21d2c02835f251a72fc3a3aad62be6779c0aa4b80e5d08638a5623d8', 'admin', '2026-07-11 13:23:56'),
(308, '62075ad88e4aefdde6c0e93aa8ebaf1e4dc65dab15531691df21f615f67d91212cc128c9d0fcefd8e2d34effa66146a26bf83d18f687b520318473a3ce11f336', 'admin', '2026-07-11 15:01:29'),
(309, 'ea1f3c6042b157c48295a342bf31a501108ee373ac81c2a08252424e1482a95b2fffce5e53ed1ed781c23af89b6cecc63440e97fce46ca345fb1e35f71918a66', 'admin', '2026-07-11 15:16:46'),
(310, 'a35a2f8054009a30b6e94b012aeba25be67fc4d7a37458cb785d1f238cb568e3dc143dc6003251a82d177d340049523963ac40cfe2ae89bd5ed537f37f631ce1', 'admin', '2026-07-11 15:17:00'),
(311, '04439b4a1918a787a9f6bea041dc51f15a1947dfea3d1cadb4b69e700dfbe4a1de4c266906c05f93b90d1a6baea990d3f5b4d177109fdfacf69179c0a36270b5', 'admin', '2026-07-11 15:35:02'),
(312, '544427af2de8a2d8f16e52f898ef1d847e490c6d94f757ab7cf8dd2057d4c6876d0eb67c351b717eded3cb2806e515e055c74a25d49f456d450366609fe97167', 'admin', '2026-07-11 15:48:25'),
(313, '30de24b8ac087de3c576c4872f85f3fbd98b7200ca469a69382f97cb38a11d6be47311ebe554bbeedbd15ec7f10036d8772f706d9d8f328fdb1231ed56b30585', 'admin', '2026-07-11 15:48:54'),
(314, '2da21d80c1c6fb68bac7ee7459b9a3b6437977e3be5faf5a0d6e45df92674be881e2c314300ed71c46ed92ce4bc066097e398ebb8fa1ccd11d2a9d6d07dee2ba', 'admin', '2026-07-11 17:55:50'),
(315, 'eace9eeea0d5a27e2bdae1afba6e5e5c0408c14ed4e5d43ab13f19395db8304be32250d5a3e53918ea4760077b083da0ade0ff64f284ca88639d87fd2c0e1d2e', 'admin', '2026-07-11 18:18:40'),
(316, '774a58aa4aa487d4d1367bbe71bbc39c55cae7dd85158c5c66ee987c3a171989322177de806a0d6cbb223fe4753a62c4c71da80de5281ad6a5565576107a5555', 'admin', '2026-07-11 18:18:53'),
(317, '8ad72ceda7562d4160336b7a30990345009bd323ad10256c03069681988861acf116f4fccb696cc0b3080881b649db869539b3f88fadcf3ecb8f9dfcfc56c32f', 'admin', '2026-07-11 22:31:20'),
(318, '8e03324d663e2c7f12482d717e972aa4a4e698bae80e8d8984e5bd3db4fac6fe8137d92250a2c6fc4c36eabe81609ff79aaec60eebc38bffc5b15f27b79c21f1', 'admin', '2026-07-11 22:32:43'),
(319, '314639afa8794c28dd0d524d8c51d6a30e382413be13f163c5f37e32aeb82eab803babda39580d6d028a01f180bd78d618018868c354f3968f2adaa11a3b26ba', 'admin', '2026-07-11 22:57:59'),
(320, '19b27e559971740adc83f1a16f6571ae26b9053ce75efd495d3b90e2ed9cc4dabafc2ef9afffd15ca72a1c16f5823af99d0c9ecc1b1f8f1e34f38ae04ac8a632', 'admin', '2026-07-12 02:36:42'),
(321, '86bba2c46364f567d1ec6c9340f6bd91c48f18ff6cae984eef18b35956436dd3e98c3d0a9602b5f94d9490bc8e66f666799315eb2cb2fe744696b2c4e9d1ff34', 'admin', '2026-07-12 02:37:48'),
(322, '36fb1cc0b30c32e15024d72e795e50f4f3aed19299c44dd8b66d46443c2a8a93c563eb998d135a131025bd6b076a97d9a4ae7a821a373d9b44168e61f0a1c9cf', 'admin', '2026-07-12 02:38:10'),
(323, '919e3c17e66247a364d081c7021bf041caf7a3119b237c60be3e865f14efffe37ff25f680a681b7d825bfb3a7087f56785215066806c952e3deba87af6965e9d', 'admin', '2026-07-12 02:43:06'),
(324, '67d0304cb2a79e959182d060a44438c4fc134c8a2e5ef5de802d3c2a524bf453ecbb46d1d4c9433302b2eafa8900ce8fee0384566ad0aa032054db8ce8278779', 'admin', '2026-07-12 03:04:41'),
(325, '80cadcc1db967b542884e86ba03ec20ad0f743f13bd52428ed14eb21270fc98740bb12a589a6f4ff0e714f301d795417ccc71d43e67e5289bd535bc67c728558', 'admin', '2026-07-12 09:43:17'),
(326, 'bdab597ff41f6bf492a01068797c1b216747f55f70d2f5c81e71f698770783d85566b017b76379a88cc4d002d035708621735c8d558344b4bce391973951fb6d', 'admin', '2026-07-12 09:43:42'),
(327, 'b136bd630978daa23372bc7c41db0a5e04ca44ea749ccf30f3ed9e4dea17752d5bd619d37d8fe67f8712fde1e7cf2effd47bd79ea1bddf79fd593d158edcdcc7', 'admin', '2026-07-12 09:43:50'),
(328, '507fe8fe4e419096d8f0124bf97a50f17b06a57387a12fe8ebf3ca9a9f3f0dc02a369fbbc989f7148e08ee490bf2a7ae206d685518feef53aed5377229d2a92c', 'admin', '2026-07-12 09:45:22'),
(329, '26a3c26c494e0c7188fc18f7351377c6f564fe5b5bf91ecb648a8c22c932c80e05bd1265aaba088f48b901e3506afd6bbe960d95c3ca074f0576415aa6b274a1', 'admin', '2026-07-12 10:26:01'),
(330, '761252bfa715593c2f137a8281dd1d4377d56e354503f5f466c24cf2c1e5a6eb5e884e37e39e29f9ae5aedac580886897776a20e3bc6b8ac8b937f628cd69f95', 'admin', '2026-07-12 10:32:26'),
(331, '92497a7cec881b21d159c10ccce410c859e84e1adb226b72219608b2f1ecebea59f684df2d3e0e2e5fb7dc3f718e6c31a3474b2459496993c20a6a722e673a00', 'admin', '2026-07-12 10:32:53'),
(332, '8d7a8f2b5cca7c794b05adb6b97961e4ebee660412535671ccb63c0b8e787f159e61724935b391af732a4439e77ee2a2f3888840c5451b36e56546b0b01a78e5', 'admin', '2026-07-12 10:37:01'),
(333, '00be88b325b6778fb60e9ee572b4ead1f7ef9824a5b58dfaf045732bbcc920b4acad9328c834e80d5df8f3177c39cef6f1e74471ddf9d35cf51c7d7d294cd02e', 'admin', '2026-07-12 10:55:09'),
(334, '91f4179dca4739182674a4c8be69ecd22b10b71dcff9c5b2b95e65d92f0653cc8158a38647f984c6e9db97e18fd68ec7affc9a777c2a82a2d9504b1eb1cfbe62', 'admin', '2026-07-12 11:01:51'),
(335, '031dc2b4dc4850873c884c3c5c594240b9fd299d21cc41e1032a262184d535a3e1496def63b46e3f00ad37e8a70b12815338defc0e675288bbdc7f18aa263811', 'admin', '2026-07-12 11:02:01'),
(336, 'ac2cdf3b39cd4290c9765983f8ab67d0bc18b5039287a2ca686528794146d6943c845ec17fc5a430440bd77903c6dd1114b04d5059fae475b6efd94839893b77', 'admin', '2026-07-12 11:03:27'),
(337, 'b77c4702fe4dc6bd8efdfa97f83284f2a5cbaf0b6d2d35f57274672425172cb2f45b965e9b8c79821d23ffc96dbc9fe15b6f78dca10bfbcde416363a3598154c', 'admin', '2026-07-12 12:46:07'),
(338, '7f38ea88b87a5539829857040ab94f36adc6da039377a13bbc47f708c8cfce78d62b62e65b02a9d3062a08655aacbae836220e7072ace0410813336c0689e118', 'admin', '2026-07-12 12:46:56'),
(339, 'a86115dbf7298c40b3ad39e99e91f516282b5f3b21144167d721f0e8a5fe9b0e90467f6aa4ed943b577d4056ef7d2adbb244b742af953a14d2d1c32301c91d36', 'admin', '2026-07-12 12:59:12'),
(340, '9dd0faa8088120d715ae878cb98066da85b60b4567b9b3b99099380c81d31383d354ac1fb494ffbe8412271beb37aa531733b71e90fc0c4f92db37ca3d407477', 'admin', '2026-07-12 12:59:36'),
(341, 'da89f0345b33400771b30bddae840c9d7c17dcaea363fe69b59e392747a532b90e1464e02b3d1faa4346228553eb568e49e0afa1e67246ae819e4d73af4212e1', 'admin', '2026-07-12 13:12:29'),
(342, 'd34aa0c79561b5ff55b4c31671ea8a0904a18b11a49f9d0ef2f422765ec37b2811f65062099a36bbf4f1406625ad10f16220f59ca671a549b64e5f6a41138c0c', 'admin', '2026-07-12 13:12:39'),
(343, '7406e92117c8c1c637f73b5961516ccd492c5cb2cc83780afd7629ea6e63a0688063c12ba959336435f06fc24e354f3694f451d322ccfb42a5f902037a222464', 'admin', '2026-07-12 13:22:20'),
(344, '7646a5158b41f14ef4397465dd4fccc2be0e5cb42852fb614c09c5c0b30a77f363ae8b12971ab3ab7dac88336f5db5d6e5065642482c62a5c5aed1b9ebba0e71', 'admin', '2026-07-12 13:23:20'),
(345, '5962e5f51fb11309cf8f6c55a4ef1b9d4c28538ee126d23a8322a49c5550ddb3ed79d92654d1441120513562cff46d2949f564ab3e8fc67b474a7f3404aa84d2', 'admin', '2026-07-12 13:34:23'),
(346, '2b4d09ca797b136464df9781d583055e377192559a0f6c179e958fda707b9df95449e6728dc6d8d35db98cfbb642b095bedbc41f93be7591976d106f8b001163', 'admin', '2026-07-12 13:35:11'),
(347, 'a3bfd689c4fc9ae677b6f839ebbfe4c559b6e82dfc8aed22e44095151bb05ab8cec68ee83afba570c8eb006d9937b80df303e18b5cc4b8d951d1c4064106e93c', 'admin', '2026-07-12 13:35:23'),
(348, '699b6ddbd7d87913bc2e23a4d95f7cbdb49e5233856a7aabb0968760ca0e9b6955e0b571a0d871832857b6dce34b4c53c4bd8415565403c2b3d5d18d6360f627', 'admin', '2026-07-12 14:03:52'),
(349, '8c3d8d42232d69f9c3d1f9c9aae03d37266b50462f2c0bcf8b546ea1d115437fa97fbd9764afe59c37ea3f8464285c4f6f389f93295107d2d2635e4f3f3381e4', 'admin', '2026-07-12 14:10:24'),
(350, 'ab052d56dc88199fa04006862ccf773da32e8eee58cee82e1a7963acd9c109243f1f71231136d30216dd9a98c313bc8ed80d564d072c6098d0ce4c63d26dcafa', 'admin', '2026-07-12 14:56:47'),
(351, '742186211c9abac70372ede786a41dc4ffb95ff5563dd60d78cb2791defbbe9c67a30f2743e48ea79b6ce9c2936e9877c8caf7d47a966da56f0c4dc99566002a', 'admin', '2026-07-12 15:06:59'),
(352, 'b4b821174a9071f192cd500d50b72e2eacd6b96256e7dd02cdf37e7c693077c958ae9d45e43ca5891ce3f26a214fcae41af23ba4da8031c77d79d13bdaa69d1d', 'admin', '2026-07-12 15:09:28'),
(353, 'dc6a2230f42cbf7c7e5a8381fd5bee1ab556856ea4864e067da78742850270b886b97f619a0d0429d580716a92826a1bf84213416ca714d2fb95933c8dba1284', 'admin', '2026-07-12 15:13:04'),
(354, '8ab17965ae1bf975e6e8ddf6b68c8b0c9d6fa1aa6264ab0364980d7d760be5013650c2fb035ffd65dd25f77f60e815ae92b6fc72aa4edfd305bf927e2823ef94', 'admin', '2026-07-12 15:31:53'),
(355, 'f78b0019b01f754e10b7851baabe047ef3cd79744f1ccf3778a3d9865b01da52d375604db4ef11206b0031f6311c177d7ae9021e33cf564d4301d5b6f40d9f4b', 'admin', '2026-07-12 15:34:16'),
(356, 'aa1d818817d1fc9a2ebfffe3d53fa64ac0fd2096c5b4e8d2e8c573b024f9d255866be6b854c9a903af0f628f57b3b20cb135d826d754a032e37cd0c55b6081c8', 'admin', '2026-07-12 16:17:05'),
(357, '6e5ea8f2983ab54eb2e159fbc6acab8aa09494e173fd102a3620c40d1a506d9b96cde220ce8ab9c9cdb3733a0f7376c735e502b09143c8bfb1ef32a44a018b60', 'admin', '2026-07-13 12:57:29'),
(358, '30952691e354c797deb146e6fc17999d9d42e95dc5c8ee9ae6e6583e769d9b80ce25b3b4cc73cc405d293cd116f14cb1068b24ee85b8316c16efc17b99bcaf97', 'admin', '2026-07-13 13:27:51'),
(359, '108b28c684322d4797cc11e464d1ba303197e4461f89f8ca880ccc6023e8705108e44c0d5f7052ad0e3e88107ca1516fe8e547990b9a2485589f00717da01b76', 'admin', '2026-07-13 13:52:00'),
(360, '13b9d06f1cbb7656f9e7240f7702fdf91f0623e46f01cca7bac860bf8dc81d2ade129def6c0cd357f18c3e644dce6621a33d6ee3b61eaf115c0d32435a2cf9ba', 'admin', '2026-07-19 20:42:07'),
(361, '59abcb42d64d3496d2131a0fb23ab9a0cb04e97335fe60c97d34c13a0f25dee9aad440d97f8606d13a0c5024ee0d45278157774cc943fdf765f29d93d4c4be75', 'admin', '2026-07-19 21:07:25'),
(362, 'b4b49516f170c8f943f48a8af80334f8c032af5fe4c07607c92ebfbf43ef7a53484bfa391cb05f672f91c2ac6f978d101e5a52db6855a39464b70bc11a068543', 'admin', '2026-07-19 23:09:14'),
(363, '24d26a7e8e42dd863dee2e2a812f0b2067d53adce2c3c209f3df5a95b5f9f71ee5b9d0818c7f631de2bd40f5f97c71132c496ef845f84c44508e9667cfb7eb15', 'admin', '2026-07-20 00:14:15'),
(364, '95c1d4aea5021993849f4bf191cb2c13cfadb0758aa4553ed72f14e2bf2de09e8e8d60b96c46acd12e4d3151d32b369e6f194c94370c239f086aab2b06138bce', 'admin', '2026-07-20 01:22:07'),
(365, '05d604c14677ef1bc87080b92f36a19397bdb0d0cb12b9e0b8e98711570f461f3e69fc64d40efd5f26659e1905d18d07efb43752057ff6d2900025cac178210f', 'admin', '2026-07-20 02:35:42'),
(366, '6a250ded7f429d0f2fde5713dcbbacdb4fcbf408510d07c8b6bbf6907874eb9a9349867bdbc34189e53277193ef6c4f91ae3c7fdcfe569ed4d6b0adf85e73554', 'admin', '2026-07-20 12:34:12'),
(367, '80834e4f34fb32d314afa8462ccd3f997ef815903d9eb62b70c1210ed3156d5135572553455c3738f168b8308a35fa1424f97696b4657d4ae2efaafadfde5d31', 'admin', '2026-07-20 13:36:05'),
(368, '7268fe3634df599b76cf25302eb163177e4268ffa437b033dc6a3c6cdd89ae6d679171dd6d44b0a8614740b3ce861d0504d0646a90de270dccb15156b111b1eb', 'admin', '2026-07-20 14:51:00'),
(369, '0db51bc209413f283627d5aad7993c979d7b3812ad93c01a23f1d11466e1a9b5c7f494e9ef38138f4e02d83e8a9523448675efc554436db17361fdfb316c7bcd', 'admin', '2026-07-20 16:05:13'),
(370, '4b8ccca6d89aea045dc23302e8b7bb14cf0661c84604f21ddadea4ece4a38a1ea5c9386b07443360af2bfa3b5b89a9b6ed87cc717baf1feb847f66eab165efc5', 'admin', '2026-07-20 19:00:01'),
(371, '7035bc0bee128bfbfb48ac0f82a358ff5ce8313724d46f88a676b1d01d5ee8b5b417cd23075f1e2187676ae97f51b3174f074c4a94fb6b44fa48c8920177d8bd', 'testuser1', '2026-07-20 19:11:25'),
(372, '8a6b4d46773d618b4dbcb7a3d9f121b3ede8778544995a58cfb8ec32673dccb6311199a8bdc6c1cbf6817d63bd31d4230def957eed668e754904186ea6337af1', 'admin', '2026-07-20 21:59:21'),
(373, '66ff1cee5dfe569008c67f3fddf501c8cb74d7e342cfdd0c2965bd9787ce1bf775f6f38302e4313b6fc0c276d0da54a67e730374144c038f77bf9223e189f6d0', 'admin', '2026-07-20 23:29:27'),
(374, '0e55c492a2ce6aa2e9b30a5c40d442cf011f70ef7215a09e1f6ec049cf2207e445b715988c02859746b05b2d3efd2aa051dc591420e8da1e95a9c14ce0cdd37c', 'admin', '2026-07-21 11:55:33'),
(375, '2cc7038fc61b2a435e627713fb0043ce9911ae02237bb76fd2abb119628fd626f6dc6563793a78b0b7d679bf2aadef07ac95c8e7c7d2e292b9719edf20ee9c50', 'admin', '2026-07-21 13:30:51'),
(376, '33e64442076cc18dfb2a0070ea8ef2c32ad21a52bb762ca571a7f8f836319720b43e8139f5572b9c0ec5b7fc91fc81aa8b7f0db20011f57c1588ce8de8c4ef6c', 'admin', '2026-07-21 15:30:03'),
(377, '40a07f65471307dfb893bd8bc625c4db5c2b4f9279384d37ccf853d4b3ec02bb52e1a9ac31d1ee332a4fea75869d60dc611efbb5949fd47074aeb6d0b8138f5b', 'admin', '2026-07-21 16:32:21'),
(378, '979831ca37730100e836ddb2b183c80cca1fe46ef8bfd007759c4e2817e47bb182d95ef58c71f44abf3e599413a2f3e47ae9fac34f94e772074c5b7ac959ef9f', 'admin', '2026-07-21 17:33:01'),
(379, '81049910e91f11c340a7e8c506e87bd8a29d97ef769af6a1268cabb6a0da29d3683570a520fcde8081f5e6aba64817a60ac41ae13d300f65bbf83a73650303da', 'admin', '2026-07-21 18:41:26'),
(380, 'a5a9c99be966ec56a60e357c4e9a73ff7ce8271d263bf8512588f90cd76314667d6f391a9934da7210077f689b9ab5baf203133eaebd58363e7287bb2499786c', 'admin', '2026-07-21 21:26:37'),
(381, '6a930b255d690c718ef0f60ccdd55ecd9c488fef889d74424004e210e18cfacd8b6872587b1a83b3e072c0f89d422d2a418c0f53732db8458ee6d4d60b30c1ab', 'admin', '2026-07-21 22:36:29'),
(382, 'a1acbd6ec78af7a2b983fc358ada9ef612455496f1a4da2679923490ff8283a388756c9de8a6c9ac16a489341d26e294fa3aa253f7c2699f4a28b84cbb44ba83', 'admin', '2026-07-22 02:13:44'),
(383, '5a6c2e61acfed2a9d12c8ba17b14b9e409cb2c7e632443558619143e555507ef7624d2d68da2b587165ad76af798edf914db10595b9b7a35fb52b03888007574', 'admin', '2026-07-22 12:43:25'),
(384, '2bf1aeea340c90de693af96c4568d9952e8cfc88199673c92549d0674908a02934fda197bf385d4d332a5b208974eeee3bd429aa0859e4edd9a796553f18e067', 'admin', '2026-07-22 13:54:41'),
(385, '894c87d2ad0c8ad634f02678616b2cd556cfd377ac967a04666b325e7367da55aef146ba952cdaff75b66bd7e8563b2d80971092388ddcf739f5e7bae0d0fd4f', 'admin', '2026-07-22 15:28:19'),
(386, '21b441ec0a6ccd74520bdf77e3d598beb047be71b2557a3c33c5a4855825f086b7a867f7717d16532c993451a4c9bce33d2f462954cfa1d88b97164d948f540c', 'admin', '2026-07-22 17:06:23'),
(387, 'd980662832b69cec55b70342b3279a7e5bff3123789bee7d24e6456153de8144dbaa7692c3a297b081c0316b64bb1a14025ed5350d8b9a648be4cd78c7f079ec', 'admin', '2026-07-22 19:45:54'),
(388, '3860d828c8d7e505d31138b489c5cd4d54cc9d7be6b3f2622a9f382bccf1ef26231216d1343b255783d36efb6e98c538e0fe3a29f39e46af521b9009defef8c2', 'admin', '2026-07-22 21:00:15'),
(389, '2a156ea0d1512fdbdc31e82e623f85c143a34d2ba63acdce3fdb75e0ebfc90463b62a27cd573d05e8007a55b2fb163a2935d266565e2704b1cdc88cc170c2b78', 'admin', '2026-07-22 23:16:08'),
(390, '9608398f9f3fe2db15682c2aa1319d9c7889cc9fdff03bf565c48681bfaed5c41d4d90847acf07fee22f3ab1337700cc14a4c0c4087ccbdaf2219d0dab8de980', 'admin', '2026-07-23 02:51:58'),
(391, '04084a742c1e23472460de073a1bbe0afde4f5ed55c9ff23b1df4cb3bba83a3101b2d9944dcc9af38aef9cd758538f9b59879e3e5ec0718989843e529d7f1af4', 'admin', '2026-07-23 13:41:01'),
(392, 'b973856828c9c86d4c4adebd43a9c4a47b888d31c3d2e76cde893b02e9846f6de0826c96d6cc4490ddcbdec22e8fed5091a8f2943b0364494ab47ae05692fae1', 'admin', '2026-07-23 14:44:31'),
(393, '9822ac5a526c52c41e7c71ada00a50259a0a907cd0dcc770f7820bd9b7d4688908b1a61fd93962ed5c2c13fa66cfcce8c392923958e47292e1e7ca02cc27d098', 'admin', '2026-07-23 15:56:16'),
(394, '2d4b99456ba77189c080f504a46d11e4597d5a15a97228707cc90ce457f420e5e05f3b5f2d99b363d24c80041a3aef9b8c020b673b0d651464b81c86e7ace8df', 'admin', '2026-07-23 17:05:19'),
(395, 'aa31b2def1e07060c9c94e088752fe7deaf8cffd41f9bc4a12af49c32041e314c62236a89206240a890c1a72d2d9db9de39a298f519df85b33012d2f7de99825', 'admin', '2026-07-23 18:26:21'),
(396, '18d1b98e503a2321adb13ac3df718910606f03125c15e9dee894087ce15e7d6ecdccd73b9f1aec9c8baf07f1a0e5aa93705af0b8607203955df5d57a19a04839', 'admin', '2026-07-23 19:28:36'),
(397, '3b85ef2ef0f708b8e810a06fa015dd18de7c77afbd3db1918de1122e9634160a22c063e65931b0fc7adfcc8e2cd5124b64d8589d616d0ff1ff9c57f78ee4d518', 'admin', '2026-07-23 20:31:20'),
(398, '852fe5164161cbd16da4054c91c7db4dae2bac255db24933e5135eb8687535d73ba3bbd80cb2267d3d04d97dcc26e4b772967560ba3a9b753f2ab44f60324f86', 'admin', '2026-07-24 01:04:51'),
(399, 'aeae37513889d070bc4ebda4e98c579113f586bc294a5c9623514043e4f42c65337495a8ba3a21a15361b63b872f46e7c762211d51fec9eca8775c3d30a2ba7a', 'admin', '2026-07-24 01:05:19'),
(400, 'ca8de7f1957fd8a69d5f92715130f771ade90d7352b3a932f5c7e03e4112e1ab2c59b283a099201f277da3b44e94cc3576ac607c600e9b2e58f406301026f8e0', 'admin', '2026-07-24 11:53:53'),
(401, '49883f7ba541d0232cbb900adbb5e874a17ccfdb72c533d02bd6bdc375dded263198d4d5e82434af61f4b4142c47da7dc0fd88cbf51e92c906096902f2c93aaa', 'testuser1', '2026-07-24 12:40:40'),
(402, '5f2f6385d522f55b1c1ef654d852a6dbaa072b1e7fa0cdd33e6285dcb52bb3e5ae2c3c1be9ed4d04ef8aab64fcb9631efd239ebd10943d05e6ce1f615b92924b', 'admin', '2026-07-24 13:23:59'),
(403, '21d40b99acaad028182f9db95b6002f3a8180b18873c46b36e078bbb9d619bc88c278c4c037245bfefb2a5f3112f0dab79cff7733761ded313fe18e2a0b12a30', 'admin', '2026-07-24 13:28:21'),
(404, '76dcdc5e8a55c196b47180b550f2fb3076b3dc266b45c01dc5ed932b3bc4bdfccd28290311cc0d6fd6d9dca61a3828a548afe06054755cac0dea66eeff2b3f1a', 'testuser1', '2026-07-24 14:14:49'),
(405, 'f8a1df22b90818ea195d614a61c6087860937fdca15de7df7f5bd09b379574502fc785f84ace3b252022488b0ed9e5d209c6248c2167363db998d29665fb0871', 'admin', '2026-07-24 14:34:54'),
(406, 'e0c437b86697da4090c6cff0b1fd608133c9e5277d9b46fd92f5c9fea542d3a5b812bb209ab6fe7fcdb8ee2b7a3a84f8dc7c3fda1d62ce3bbe238c41a0f7d5e7', 'testuser1', '2026-07-24 15:15:16'),
(407, '8b010b7781a54cd9dddfbf00907bc9a5fadf6e32c3b166930ce067840729de3a3ccaeb79c26b57484dbc33eee5cce657d10d21beae94977f731d3106eddfd633', 'admin', '2026-07-24 15:42:55'),
(408, '1ac8b4994e716ab5f402ecf1fdebbc8f9950d4723a1fe3311408c6cc81bcf3f9b931bef2db2ee7dd13cd00795a29dadd5c1f827bf271509edd46de59f151fb40', 'testuser1', '2026-07-24 16:29:38'),
(409, 'f34f2355cfe5f5c286a3513abfebfa1bf3c9e727e02516b313eee7d5002319133bb41e2cf20f58ff2c32c820eecc605c2bc636298307ee56d76e579dc935c6fd', 'admin', '2026-07-24 16:49:54'),
(410, 'f3aa7160e73b356c7ab6ba12f406e3926df9e096f17cf088ec9a76e6c9d27c99bb833a3d084f6de81b3e55b29a13559eb74042903b1bd2374152f4c52e8ffa9e', 'testuser1', '2026-07-24 16:54:25'),
(411, 'a79f4df14069106a6cc391d28a49d9c64fe26cdd932a6b499e6766e970a3e654dbca97b682082503276513e21b0d82924a8755bdd91480e938213c032e524c56', 'admin', '2026-07-24 18:47:27'),
(412, 'aa55dca97429efbd24eb04ab78374f7c788bfc5b46069c1781204f4165ed1615fcff404739ba042f1b9557c6e83eedb1fcc3cc9f197c072082b331db27f73813', 'testuser1', '2026-07-24 19:00:52'),
(413, '73d22ad64e0c488a4a50d406c79b2061ef4df0f16a181f5fbc05d15c07789ca1bd5d78bec37f454c745779475a6ac13b1715e94aa19b3e42a2f860015681f060', 'admin', '2026-07-24 19:59:40'),
(414, '807e9d2970a769cc8ebcf94c875bfd6eb05b3e8bd6c6c4284039bcb8df4eea685cd6db91c3237ff9cb01e0d9cc9579c5ed847364ea7c19a97adb05a2e72b62b5', 'testuser1', '2026-07-24 20:00:56'),
(415, 'de20c7c257e25355c976087d1bf5cbe6c0facb916528e7a068935a5e9a20403cd44e54ebe053c01029dbb465bfc190c695d218382d09ce15772f117edd32d8dc', 'admin', '2026-07-24 21:04:16'),
(416, 'e34ba8efe1e09169637014fc29ef3ee05d33a10cf23340208798672a9104fc3b2fbd5cd5627f9023483bce5a19f2e8d700f84fa4fdcf34c36be974174db69668', 'admin', '2026-07-24 22:17:26'),
(417, 'd70b82a8f375b5abb8281bf2036a43a31e078ffad22db901cfc00fa1834436c7ca858ad5a4408f0930ac9922597eae80855462a2f6a0719bc4f2492e6373a917', 'testuser1', '2026-07-24 22:50:19'),
(418, 'fdacca88685599420f3cb01ee67de9ca8d07c849b0175a5892e5a2658ee1c953f12a76e9deff7c86ff05bcd1ae4fd6b4ca5525f3c85a5e32ca5f84cf78b893b1', 'admin', '2026-07-24 23:31:28'),
(419, '3be57fb5e40e273ab9f15614263c06f69c39db6503832f0a608cdb8f94c2db09a61d31f3d78267fa039c29567d1c9abf65a19c126d9fe10a508f83bff03fd1d9', 'admin', '2026-07-25 02:27:51'),
(420, 'ff0cbfde88007ea05dffab8ea848d53ae02e4ff5ad4d8d15017fb3f9ef0d51157caeed263bb921533c1f815177bd42968be4d0208230bf269fe2e53cb7bf90b5', 'testuser1', '2026-07-25 02:34:06'),
(421, '6b94fdf6fe12ff0d4daae05a80e2ee572333c15cf45cc9951a53fb245e584368c555af420f0f0911c0976d166286ba7883da41335a0b6db344f1f4422afc9376', 'admin', '2026-07-25 12:30:01'),
(422, '8911ee3a74298f8380bba601efd571009d5083c42483d58895de95d8c59ea07d8bfb64ee86c2af2602d861eefdee4c81ebc5a62be32354e821c49019b28323c7', 'admin', '2026-07-25 15:04:36'),
(423, 'fc2782e3d4cb47cddfde15097d8e474663a7255a06bfbbd73126e108da01fa8c47429741c9d5f9f39358a8876acb2207bc08ccf53ffa32bc98873ca4b398425b', 'testuser1', '2026-07-25 15:09:52'),
(424, '656aa5dc6f87eba1f81dec49bf0cf59e70b12c3a18c20d67d05593dd66a8a4f869fd38cf64b459e9fbe2e61a8b166f0a4e75c7f635f464dc7aad70d3d734819b', 'admin', '2026-07-25 17:11:16'),
(425, '976c3e86def5b840573f32196f7e5c354dc35dd4ca8fc803958078b8a491ab46a9c772fa6586a4cc4d46791b0003f3eb3fa1bbf779de58a35dc476717cb994b6', 'admin', '2026-07-25 17:11:27'),
(426, '90602f7262fe055c8e9046f67977afc6c898fe25d787aefa6a29c7f8aa2979f42497704902952451274cd94499bb9ee92c705cc2e37376c9a24df18272ca2547', 'testuser1', '2026-07-25 17:13:25'),
(427, 'de648ef93eb8da945ab576d810cee2ebe6b724c7daf371803332bb16dc1828d6c4960d4e620ac1a8677514626aeaa69f7c05c77bd066afdfa5c623d5003b164a', 'admin', '2026-07-25 18:45:37'),
(428, '99917348dd6bf17b1357c76c4ce9b0b221720352cbe04f1561424654df7f3a6f6ba7652c6f4d951f499c1335deedfdebf4f96e528a17fe4eea558ac870e5b42c', 'admin', '2026-07-25 20:39:49'),
(429, '6b9d5e0a83917d1a93b2190609862d39936d5312c75e2c5463141a9eb888566ac630eab79dc78e107d71900716ea18069440ee51ffd59ac784bb4fe7d93db538', 'testuser1', '2026-07-25 20:52:27'),
(430, '29d4a5a4441bf60cc41c975508b57b690704d72b9eb36a79eedf9129c6ce928deaadc2f39749f555dab06e13a48fc26e1471004737e033e6a42776afa024c6a0', 'admin', '2026-07-25 21:44:22'),
(431, 'e2c6646146a17d3cd099df99aebd89622d147ba05936967f069097b8688114bdae4b8012db034b6b86482ec22b64852571763af733c74b5abe879dc3870b8e9d', 'admin', '2026-07-26 11:40:46'),
(432, '9b4b256a350d7050a5bd6a1c95cf9908f425339ec1ee9ff46ecb7139da7f01b5eb72c40482b396c7aa869a6a33617f9f3fb7841cd4c4c6ddabd4be0b6c16f13f', 'admin', '2026-07-26 12:46:55'),
(433, '9b6830d177bff01a36b08a7fbc1bec9a34ebd74a467e5f4f6c5b08bcf5742ee0b0bba8e79a879ca79eaeaac3797a8c3f2dc0a7854a4030ba292940ab36d54696', 'admin', '2026-07-26 14:14:09'),
(434, '89503b3e5e21649043afbf9fae0244e65a48eff41097ad9525584ef5a76deda58125ac5af846872d0cf5439cea91b88d0a69e706f07bca85b5876798fc221f5c', 'admin', '2026-07-26 15:15:32'),
(435, '8f6730a81be36d488b458db55483c75d1c7031efe2640d0033906dd63f8df5a97b47760b77ec35b1a9ed089e2ab584a51d9f6679ccf61cbce2838d5df0dfb836', 'admin', '2026-07-26 16:23:07'),
(436, 'cee10a02805707619ef4627bf48074578d712609a595b104ae922b3c32dadb27664c63d182a1cb4ec6a5ad94d0161909b554c0e49f290ae8573d05b1ad262cd5', 'admin', '2026-07-26 18:39:01'),
(437, '22dea2ec34c41dc0e6d770f72b45840f6199e6ee5631cf14a39ef8016b6042fb993e0943e32749897833052f11cc50a785e35b70fa1a610d92ca574663dbe512', 'admin', '2026-07-26 19:40:26'),
(438, '92a0b0a66bf63434c06251745d130863d7a5cbd63c44bb0fe3cd9cd766c77d6e9ac067e21bb5376311427d007d2a17e8baad0bc860eaba1ebf3d3ba88c93ce96', 'testuser1', '2026-07-26 19:51:47'),
(439, '77cef32dfcdcf2581f5ab319b66e68bcb6c171badc11ad12751d971bea8170aef10b3cc84771a2ef5ccd09ffde61965ab342d13821fdfa5034eb8d08382d4ce8', 'admin', '2026-07-26 20:55:06'),
(440, 'd50a0474a751e74a0fb8a8b15e8bf93c27d5c66482498b160f5b21497d96c6dbd34e16aab48e118b050b04f85363ca7fc26e65119640383ddf5c96fc980faa2b', 'admin', '2026-08-02 15:34:21'),
(441, 'c4af3e206c944f7c9841d75c238a2acbe2d2b94c0ed0db08a89152f551906625b80f7bef82218de67d9f2ace2ab11299b66f424135d406b3c77ed1f7e9d93378', 'admin', '2026-08-18 16:29:35'),
(442, 'fa172aba61fa599321093fa39a2c3fcff0bfe5c942642a7fabecd8ddefc1de36e992b8b9225d406a935bfcf7e7ebf359ee2bb393a33b5b28ec2eabab61ddea83', 'admin', '2026-08-18 17:56:13'),
(443, '7df42ef14f1070a23d522eac6007a0a77de831e9363f4504ed94f5f37b1f6473e3ca075f02a5fe6382aec7b0c3cd316175ab745dd1f18fc0e7cbb175c7e72734', 'admin', '2026-08-18 19:53:07'),
(444, 'ee5908c774930100ee3cac2f45ec4ac7d5ba8393fddb99dded829b9f65ff61f370d1e36fd9a367bc14c6614bd57c4f9fe7b34b9c95d07b3c8860c74832834396', 'admin', '2026-08-18 23:42:33'),
(445, '0ecd5a16d157a1acf3206ef6e377fc9c27ab96e4ad448a8fa3ba0393ee77956eb6816e6ac22dc2a429166e2e2c656b9e91a869cf00ab4a2f7383a308de8036a2', 'admin', '2026-08-19 01:03:51'),
(446, 'a996cbc4a6822f725ec397635fe483c9e672b1f78f1a4d0706e2fa20f58e6976dbc92950d23646c31d8f521fd3c5496a3ee6197bbf602239c95e7a75f32770a4', 'admin', '2026-08-19 12:51:43'),
(447, '7471f47ef7e1fd3e4698df7605f568e72f0a0e271918b88be4d7c55068118e6e6755c8ce5185a4395c96eb114f2c4223937c75d80af8b5b07ecf52f9677ac151', 'admin', '2026-08-19 13:54:22'),
(448, '3e11f8ee9b431e3cc2498e70a2adf94db8130162a3cd092d1fcb99b6a6130fd7b7d93acd6090d5942c00924acec47873dcaae969ae7b80ea544a457d15133854', 'admin', '2026-08-19 14:55:08'),
(449, 'c084cff2e8d99673236157894ddf606047dfa41cf3f9f2b2648cd489bca07811474962ce9dd24d6f3d07a1ede5b79697a4564fe5bbb7ee3993a90a0acab7c6c5', 'admin', '2026-08-19 15:58:37'),
(450, '3f0caed84aa142651b6d4d28f2258edbfd819ef45c7ee2177d849711f43ad61228cb191ca6b4a5f560b670edcfad1c78e1cf9d8c520b036bdf90abf2ac4f59df', 'admin', '2026-08-19 16:59:29'),
(451, '2464dcf2cb6221a5fc17fe716aef372fbeaadf31dd20cddec16ccaf77bbdc7dddba9acb2a528adb4ebc8714e10fba2c3e2be8adcd7928026a56903b24fe5a606', 'admin', '2026-08-19 23:00:29'),
(452, '1c8b3bb2f93a1cff2a27b37047e010356337068559dba417a0e71f85abf70be469bf7782308d3384ca39caeeb8614ccd8e9b1e61d0f8bca7ba7778d4b47ad74c', 'admin', '2026-08-20 14:04:35'),
(453, '643253601b23341eeefef3f417a9b76dbf65d160b3a4f3f4091c3ea0b7c252114c7155621b3864ede7da172fa9ed85ebdef3e34192f8fd7fade4a71bcf6c47d3', 'admin', '2026-08-20 15:07:20'),
(454, 'daa60208f2c5d30acca1050398db9e8df1be6ac9a3e837e8f1f0e3a504ba5de0e4a9d45925d42c01abd9f2fe00665b756f9be69342e41fbdbe915e4b0ae8f822', 'admin', '2026-08-20 16:07:51'),
(455, '6ef0b1ea4af1971d44bde52239ea65c10d1c00cecdb9549af1e1e43c5e3db5212c3cd91467f5595d1975de9e46d9d869ff076d9aa49653fc8ce4e00fb9860a54', 'admin', '2026-08-20 17:13:10'),
(456, '309524e5e8c66ed510276b24b6025cfb055bce5a7644c62aa7730307e7d8a9d60ec3178f5edaccae601fc34a90cd51bfafd3b85629e07b0f6a003dd2765ea7b8', 'admin', '2026-08-20 19:11:06'),
(457, '2be4bb42eb6bc0e35a92e00403812cf5384776ab8de63075a2d478795758049324fce2a933d00098a333c467f58e115cb32d422f820158bf557406eb592c1253', 'admin', '2026-08-21 14:41:27'),
(458, '4d2b8badd8fd93f9dcc418a7ce33423df0680e921ff8e73588406b334b2c50d3416909a1c22ffcc123d10db1ed0fb185884e948ab88cd4ea2aa6810ca52db60f', 'admin', '2026-08-21 17:12:16'),
(459, 'bac9de1e1cadae34647ccc037ade53efd91ec2b0d452032a6152a7d0279defc455ae12d5658929e3633496136225fe1a1b0170b74022223038f283f07f3f6c59', 'admin', '2026-08-21 18:25:48'),
(460, 'ee9412d42f4efe6c1028d575ebe59801e0792e4bea3bfdd39c1b7c3d771964c624902dd054eff75a7b012550713589398c8d4b0d859ba66f82e16224e9251966', 'admin', '2026-08-21 18:29:56'),
(461, '62f2fb7bb5208d0f11c2a3b5879e57ae7f8e185f374cc810bbc0380058fc07fa27ef1b57433de540f347d19bae3f17c84b5527aa0187523089feb7335b0f304e', 'admin', '2026-08-21 20:17:43'),
(462, 'cf47a8ed7d83fa878e068d46d555ff0ef1048e2b2561c3773c23f9160fadc98f2300a5ef6fe7ce5789090f151ff721a453ca5f2a6879152d36c2bde68f062cbc', 'admin', '2026-08-22 13:13:27'),
(463, '103e7c13da2e498c1dd32ab423b267bd2f6b8f38282602ab9048b72bb2349fa78268cb948b2aeb8a3a862497a9b466ecd14a4e945b6a46677e66370825fc4c3f', 'admin', '2026-08-22 16:25:49'),
(464, 'ccc87c0c2f008a17de713ae8e53c7b7743e623ee39973f37bcae27e2cfeb9e7ab69a4ae92f909bcd6cdb586cd609632da34edddd1a42562a3ec518dc471dd5db', 'admin', '2026-08-22 16:50:10'),
(465, '20772e4f55da01ecda77cde851a982a0696298df1ecd9bfb35b65e03701b15f11489dc92719c83d1fa8594bebf0ea4994154a4087b665b6a9e5e64cbbe0fc9d2', 'admin', '2026-08-22 18:31:57'),
(466, '1f60d8da960a74f03e41539bcbb1d5aa892cbee81f3a0e2008ceb84da9e1fc070cace9f08148bcc070d2b5d9e257122a87a3df5d888d462a5f730aa93464528d', 'admin', '2026-08-22 19:54:50'),
(467, '215c4ee598042033284d2213ab31a8a8404973e755b564c98926e6199d391a9ae0dc8077360e45f6733aa6bf17331b2cc2102f3e3b1f69214fb379a94eaf4825', 'admin', '2026-08-23 02:46:38'),
(468, '81949f6d63b5ceadfb801dfac2c2407f299752696e539647089631dde0ca31478cf983ad6ca6e46feee8f73d6d246f32be746c5ef527a3c80420e0be845e9e0b', 'admin', '2026-08-23 15:32:13'),
(469, '3c791a6d481358362e6ddac7836f0107319454c70cc77a1bfab35d853c5943c774ee015d63be6b40e25b4614b0eeed2b8ab453b8461dda77a8bec509d7d8de7e', 'admin', '2026-08-23 18:48:53'),
(470, 'be5073a0fa3767e106722d1aa5107fcd2b75d7d688d6b034ca089dc32e06050009e6ecc63f4d1d6b676b6e7ac6d333d0bcec49ec81c1fed69c45f083e17cc959', 'admin', '2026-08-23 21:05:57'),
(471, '9ec0405504de25b3e461a452404f7613e13dd8f01da243fb71dad5c2d115e1825d7076aed1fd8534d6c7fc6305dcddfdd1cb2bb8c9417ddde3d39b48e44961a5', 'admin', '2026-08-24 01:37:24'),
(472, '108477382bb9b4af079eb41d99d0014e38511dc66e13a891baa20c590632d2f3cd0f62bb2a1e4b7eade379cde7c8c3c21d1e9611134891fcad41e5b558dd7a80', 'admin', '2026-08-24 12:52:32'),
(473, '01937365e294ee2a475f54a6a9dc6db3e67373f6cec633e257cb1309f67eb67df9f66595e5bee7f167df08739f97f671c1dcf2f2958a9b20de7b3ad6d76c9678', 'admin', '2026-08-24 13:31:44'),
(474, '42f589e2cc6b6e3498bbfc0872e34e1c2eea23b5889d395d0e14d5bcd586115c455f5625c6053f1d1606494fc2b68468b24b33e29dc9befb766f660f71c3c86c', 'admin', '2026-08-24 14:12:01'),
(475, '4fc64a5dd6eba5deadfa8f57fe87a68adb9aebb033437913b814e6d0b6ecfa09ab2ea7ab3c6e9afded5963ccf5146898bba6feaa21772b04ee06bdd0bdfc24cc', 'admin', '2026-08-24 14:45:18'),
(476, '5df95be4c66c49cfe7c61e882ac3475ac5c74f1175f3bf433f1ceabe7ced518041efe321d104b45d65bd2e382f0fd0e476f27975eeaf68d3752ba111a9fac0a1', 'admin', '2026-08-24 18:21:17'),
(477, 'e0c262065c1d7196c6b0a90934a26fe1266d91d2457431d76f24aadff05b081223dfda824aaf0a5729d75ab6a90dfa188f514ddcd3c159c262c2b4043a5cbe8c', 'admin', '2026-08-24 19:57:21'),
(478, '6a614ad4cd881f5c0ac6ef91c21ec6c18172cc8890e2e6d228134b56c1220c14a86227a1e741371c3c7972638815015473d99789f0b086a07a1759dd85709973', 'admin', '2026-08-24 21:07:38'),
(479, '5acdadd165be2b212234799d2a749e7c89d20713e0f22444e59eb17d9c1c1432ca4b943f74404a6f6aa4892fcc4f2f4e1de758684166dbc521cc5103cf74206c', 'admin', '2026-08-25 13:38:51'),
(480, '389a157e42ea4fe772d785be5c52fac530254446d13c897540800a92620730e3aef4bb1045312b4cb3cb06c64e9d4110d5f7f0fcc0d46c2eac1a670242d83b2c', 'admin', '2026-08-25 17:52:53'),
(481, '4ae9aa75d6679dfd608f1ec6fa65c7c8b090f32f643d23e32f4d02047dcfe930912b608219782032608f8f7417e84526f29978553e7431f9cde3bee9f504289b', 'admin', '2026-08-25 20:10:05'),
(482, '74cfd011eba767495cd89933f01d03153c347eaf5f3a62517c903d9628df6995a9f7b9296fe18e5a45d5a4ba38442e70f1f2f92f69219aa876e546e6bcf00c75', 'admin', '2026-08-25 22:05:12'),
(483, '02837e106a816965f09b2013e0c67892a73ae17e118a9d0e5196fe192efcdb036a473ccfd538c33c6e03fea18dfe86e309a47c7b2d5af74fe29a830187c20b98', 'admin', '2026-08-25 22:18:18'),
(484, 'fb41ef41a7674326bc731f3c587917500e8baea1a3d8864a78f5231a6d0f6913a3898dbc3033727af915356aea9c7c29c8c9d44b369de0d4330099247dbbe543', 'admin', '2026-08-26 03:11:35'),
(485, '1382d82fa28442ef39bb16d7e6e21e1ef0c075bbb6978c737cfaa4c4b53c7823bfd51b64bbc7eb3bbc1928d027d71334a22edd39b4904f816963f48d0e678b63', 'admin', '2026-08-26 05:38:39'),
(486, 'de3041201e09cd5460770b4c4de0664e6a54566154fc2d85ea5cd761937d1946fd793e39108265afaa7d8d71203e6459c31a387d3a9aa6c64fdc58f2b989ceda', 'admin', '2026-08-26 07:20:03'),
(487, '660dd813a4eec477294cb77e35f8792762b9ffcf184e36745ddaa747a65690ab860a659b29b60b40094a0767f434ecd04c010eebf90b79ad39287f281963f3c6', 'admin', '2026-08-26 08:25:22'),
(488, '1b521e6d37a8d0385edf85f5df330a7138fe3a31a5c8c485ea204cdc16d4d7522b38366a0ae45fa9735653e3424d4227dece30394c66f4ea974bacde65049988', 'admin', '2026-08-26 09:27:58'),
(489, '00e6d7c39900072057db7d612982d3584e48abe20a0f843323317de230d4f2603e4e8554bee08a7509a56f00bb00b9964c2022dd0f9ecd9372a2990df9c5c7bd', 'admin', '2026-08-26 16:48:13'),
(490, '4eb153e0bbd81ca2de4c205cfe8df456417b5336a7f70044f986197b1ca2cbbcf1ed742ce3f8a3cc532948b698d915cb28fe7ed77f655396e2adfc9926efa4e6', 'admin', '2026-08-26 17:51:54'),
(491, '74d0aa7a86bed4c8527859d7d8e1c941a4fa7c58fc0d932ae47f05273f258be68872b7cbff7d99c6cac132c70b08af46769d6102307117f1802554f4107018d9', 'admin', '2026-08-26 18:18:48'),
(492, '816a221e2b5dbf95ebf3e1da1525f693d597ceeb148a8ecb710f28ab5f8d715043cc2b53f1a8b35f6bffae3024cad5a6535da815322cae6b7b6e9d9791403849', 'admin', '2026-08-26 19:20:01'),
(493, '235ae7c7934a0feef9ac3ba1e1780b4994589c8d161333b079285f89b9631714d7fbad32e4c2c03a605042aee77361f2eaedbaaa9ce3b6c3c477bf4131c8de6f', 'admin', '2026-08-26 20:22:00'),
(494, '36c2cc956256376a690a4eb06c3f9661c22a5bdb6ae5ebec272214f6b15e1e13db02377b8e5c57b8f2caa2fa8c21443986b945aea89bb77e6d962a92f9041e60', 'admin', '2026-08-27 16:14:22'),
(495, 'b2394cd5978b57d26090bc4999d6db9635b4ca5ef3530dcb236d2525b6958a8087cb8193bb03d7cc782b9d53cf2da158a4612e6731ea69189b427c5fed039f0f', 'admin', '2026-08-27 17:15:28'),
(496, '313958183114dbfce3e71f9d3b0962c4269a64be85ddce9a68cf2dace72c7595a3919b2e7bba05d1a027a122b13c74b360dbf424dbdbedb542416d6b12a65923', 'admin', '2026-08-27 17:44:32'),
(497, 'bdd9cc21791b9d799449149069aafa323c516334b76a57629c9318971d20000b3865997c51e12ef2813f80d9f602d640d1cb567beff2ccda431f9820de5bb94a', 'admin', '2026-08-27 18:27:12'),
(498, '7cdd34687883051f61a956d5142850bda37ad0aa5b420be185a98ad31db65c9c78a89a80b98cdddac48f2a19b11e5fda42cc2c7db16183444472dd6d914c76b6', 'admin', '2026-08-27 21:15:08'),
(499, '9503c7687b775bd1d6d76744c965d88171adc69f4b75300cfdbe20ae5709067fa0afe0d2d00db6bc2d9418e9c21be70ced46d51504fd2cc945ecc8f7283c2ab3', 'admin', '2026-08-27 21:30:21'),
(500, 'ce1f9c51948d94bf7af12791053f2c62774a34e194e4eaeced920917eafd1ae6432ea86d7b058aaa0f2cd2d4b32618d824a907920a5fa5341eb927c12e8ab2d7', 'admin', '2026-08-28 14:37:33'),
(501, 'bea06b9f95fb34a015be00b0aaef0c6a22040ae1909fa28db29f08f39bb89414adcf1c6c47105465195c69907dad9b7fef9f721486154f34f44cd9c3b1b66c63', 'admin', '2026-08-28 14:44:50'),
(502, '84c8c730e83d36e3a25cb4e0fb23f58559548423f3d5c88f4c446d0d63311e1b1e210fe6d0c8497af863c35a9d36a1faf21a5b7830c744b81ee477bf62ac725b', 'admin', '2026-08-28 15:54:27'),
(503, 'ea9275e2bd4a0abd6b7c29bb8cc65b962b8d2f15724dbe38c9a52d27dca619338d3df9cd9c5d65761807730cac569714de0270a4220de589e87ea45f005eb58c', 'admin', '2026-08-28 16:01:58'),
(504, 'fc7a373241369786b49796b5ed993aa78f6970b251a4782f8f8e3d7cf9ee739e9b893ea82c88dbd7823526846f359404432d40c1efbc9dad77a84f60560eb74b', 'admin', '2026-08-28 17:36:07'),
(505, '5c70ade9dbc44622780fc03c40919e546540968e0ff82c4b58740dadaa2f5d06ec2b17bf00686a0ca65e30c925366181d8149c027cf0076546377226d049867b', 'admin', '2026-08-29 19:44:50'),
(506, 'f5a7b22fdd32d6ffce164b9556deaa50de72385e4e9e3d176e7a1654ed064854563345529c687a2eb6ace0e881896508bd1fc8bb6fa7180855faf75c6cc5a73c', 'admin', '2026-09-02 13:59:22'),
(507, '33d579554164cd688c2789d1cd9aa8e4289256f5fcde4baaf70f87dd73b3fd4c6af66344dc73e19a508b72c3f896855a475cf4ad18cb9218a5558abfcd330374', 'admin', '2026-09-02 15:01:05'),
(508, '88dc79f3d8f1181b9692d1a7eb9886aae6fa9fdf4d1642097c25af4cd52a0a79fcdca6f9752dc3af951ade1329540c262e4a48d486c68cf63bb5bf913d914f99', 'admin', '2026-09-02 16:42:50'),
(509, 'ef623423965829f351fa5054ec96d0ab059325ef1ad9c62bdd6b725f8019e0a301b6b1e665c183032c8e604d482349aa03648e2d8e2e6f167258222c0ee66700', 'admin', '2026-09-02 17:50:57'),
(510, '192ea0676523d777403652a33feb20f468540073d0e120dac4b6f5c22be4eb24874fea93ecaf36e31153b9a561c44e97e17ffa5ebcdc911347ce6b8d7f0877fe', 'admin', '2026-09-04 12:27:35'),
(511, 'd88f3a1bc49dea081c53e351614e447e5ea345b99f1a372a9545c2a79e8d9d2be8588e6baa560ca500e77dee6bd69075ebf5904e89ca77c98b515f31103cd73c', 'admin', '2026-09-04 15:01:47'),
(512, 'cf7a08b99b9e9cd14d3dec2ebd457695f1e5883cdcd81c4fd8dd3348c38c2d85fb77f4d6b4a541b58f5e12122e5dd274d5fcb1358a3e6d8d8bcf797dc1842077', 'admin', '2026-09-04 16:21:34'),
(513, '267cfafe36bc437ad2e929bd6462ad8e0805e95a64b6bbee0d1435fae8cfb330801e9dc9beeb67a9e627b70813cd9edf43bf0e22808a3605f4daa69fee7c1f1e', 'admin', '2026-09-04 17:51:35'),
(514, '2bd8b59d0efe5af6100702f15a91988984644967af370f3cfeacb80adad228e9e1154a99c95710b461620f42651728d48605409d3cf98198f767c29a343bc8df', 'admin', '2026-09-04 19:24:45'),
(515, '1303cb811f2d306f70409ff367e270faac2759ace6ac297327c08e296a73fca41d59385f32ba89f61ce362223f91d733513f1eda15a900944f17a2e48e1cf282', 'admin', '2026-09-04 20:47:57'),
(516, '527dd1fdd8f42411d925a807a033e825b0aaaa451bb2671d3648602b2e848fefc980267e0f996e59620b56a3fa99e8894f3045c3ab3c515ad41b9746b6da73c5', 'admin', '2026-09-04 20:50:14'),
(517, '19fd50663240d5dba21c385f616c1fa08abc488d89e7fb86ede7cc5afc1d76a5748a9284a74c24b378403b6aa1cd655155f2119408db8213cd983062f660df35', 'admin', '2026-09-08 15:08:42'),
(518, '10426ca104317bd034c7bec05352f48c868e4e590d22b91c83428dc132d7933538f8b433a52662e3f730c9a919f11bd9dd7d1116ae517e4f1a8bb330f8ba817e', 'admin', '2026-09-08 21:35:49'),
(519, '925445c521af5a97557c5fc3ca16f08fd888ef25b65c415c6295dce3f3e47fbc10ed6d73a88af430fed5c0426bfb1d0518b84ae01e6abddb2c48282e54e91977', 'admin', '2026-09-08 23:14:31'),
(520, '7ce5d2b5168945fefdbb8feec29cbde845919855f3a4550b94820eb6113a89542d4871dd134885e70d619169b22b03278ffe52d6fad6497983fe9bc7a77262dc', 'admin', '2026-09-09 14:53:54'),
(521, '2b87f5d3a27211f5aaa9e47d10094ccdbe0fd7326b1275b41ae8c56e47394b0fd7f2974bf9f3d5ea8678f7c23d2f765571c8f0f4f7aade26a347f12c84d0b0a8', 'admin', '2026-09-09 14:54:08'),
(522, '95b25f91ec14213301df5ba6cb974c50081bd8a365894068c96f62fec63682ae888aefed713ef4cd22b75124b4b8c749e90b87a188d57768927ef0b5e14e63ef', 'admin', '2026-09-09 15:57:04'),
(523, '8c6d5cc2de4aa19922d873776dfdbbd869c96ca17fc6535cfa73e3ca7d17738455c7a33e7018a89ddae153e003108422533e9e7fa44f1a7697319ccda00de10b', 'admin', '2026-09-09 17:58:33'),
(524, '46eef9cb1271925413bb8e660cf4c37250141e7e3f98b1e89fa6912741e433b637fb4b86f4218d32b1510db855e13418ac389d1622252055959cf77f1f0fb32f', 'admin', '2026-09-10 14:01:49'),
(525, 'd68f365c8b3941da9948547d543ce3ce214c1e72e413b2553de1dbb7e61e6c2a36b8f7864db96b0f4ef5b8b710842ddf0f4eb75c694651b9615b112aa8712873', 'admin', '2026-09-10 14:06:14'),
(526, '857fb5d744f078df37f852139291f904dda7dd2a98685c97b4e47e1082e57842d218e4598e27745d0537e1aa5bfb54ab0fb11b5ef12e597e1a42e6c65d92518f', 'admin', '2026-09-10 15:14:18'),
(527, '85d758aed4bd417e324d33907ae91ec57753bd3c47ef2aade94412cb8880bb49859f83dff1142d49321cb1c83915f2f71b56605b54e436f422f7bf1b723db452', 'admin', '2026-09-10 16:28:56'),
(528, '215cfcf20e60ff9fcad0fbe1c02478d41a535600539ea579983dd357d0ee05b73ec31d13a42f77d94672e802da643c570ca81ebdf12fad5dd6a6805f0857307b', 'admin', '2026-09-10 18:19:24'),
(529, 'c248e3fc0c5ef689a0f2760230f0f8348892cecfd5553e4f528a2394505722ca0b727e6df44f6adcc8565d9e88edb65a8041dc5552c9f24594de3cd0cbe9566c', 'admin', '2026-09-10 20:00:22'),
(530, '00c318a759270326ea350a518f53390285c5699fa50f2ee283b9858df7c2bea4eda7ddeb3a791c504af930d8df6dbbf0e8d44fe3a5db76f490c7eb2f40d12bf4', 'admin', '2026-09-10 20:22:00'),
(531, '3b0d30d7d6a318e82ccdec0318b539d4c65e738e9928bfb5174ab9706e946e031d626f861bd564ffc9c222e2725146f58b7e923ebbfa05e39e184a9399b4ad84', 'admin', '2026-09-10 21:48:53'),
(532, 'ca49d265a7c33f269f419dcc3b5145ebc5e06807c5a22725416fc59893ce751f0dc2cf043eb1052c672cd45ae73d8e11170f1a4ea1e74aa24e39f8fab1098b84', 'admin', '2026-09-11 12:32:19'),
(533, 'fbf57ec096c609d96797128d90704d2cced027362569e648309b9db95ab7ec5f9322ae1a07a53d8fa1c988764bbc4185debca8280a8b281b2fdd5ef69bc2c697', 'admin', '2026-09-11 12:32:19'),
(534, 'ec18418105876b88e10f322d0765b52031b399db5b6a938f588b37bd37ac1acae57e658f708e27521e599a9b6d981e5d76ba574215e6f745c8238998dd102471', 'admin', '2026-09-11 14:09:09'),
(535, '12c69c78b2780b7632fb26c426da1d5e62757150ca4b7e4a1057b7f6183c9a5fb73aeb0d0eafb3e06b2fdcfead8e974f35142f0ca03cbe807fffd88da11365ae', 'admin', '2026-09-11 15:57:43'),
(536, '3f9a8c1846cc11e8c07793337f0cbb8202fc1a5e05717c5c5a2d9979599e08cc342a24f457a2335a7ef1750d92e6699a00826f385951b2cb7a934f76e2f5e75e', 'admin', '2026-09-11 16:01:02'),
(537, '8d2fdf921005775d3f940711d5e7a32a3621b47f66a1ac01a3d212b8bc80ce97613ebd1f8a148974cd700b4dbd30c90d0aeb690bdadd0604bc7e988ed3ae5948', 'admin', '2026-09-11 17:34:30'),
(538, 'c3aeee738c928b483302c6bdc6ba4fca6baa39940d47b19adb53384f96776d7cd8b392bf230f368116a3f87e52fb2c4b4b54b29e92cf9f00544fe1b5cab2642e', 'admin', '2026-09-11 18:21:32'),
(539, 'f190d3c2c5ec3b46a30213645b1dd07e37fb6431845f1e7b814aff389546b05f0bb93f889be7878d7c8abfda9b81238f836a2b32cf097253fa6766ae9cc22356', 'admin', '2026-09-11 19:07:39'),
(540, '70b64fdb89f9d475ada43e0072269ff3c05305bb369145e3ae411df72fc0127440b924633c3c458a0a311aff280463c778512672e85d9ecf1bbc41ee27aa0230', 'admin', '2026-09-11 20:24:31'),
(541, 'f49356ca29376dd4b6188fe661cf83705fcf1f227ce9059947a42fcb983bdd2d9e84af56d262c188165478aa0715986a1b94b5ef8a8d2634e9f446af10e5d9b2', 'admin', '2026-09-12 10:36:40'),
(542, '0ac4859a83a642b244f4cccfbd8034d95d2e4f69410bfb5e901b447c217232fcd6a3f108b126901be580a8446dbb8228bb3093b52ba5cd2306c8efeab19e8406', 'admin', '2026-09-12 10:49:07'),
(543, 'aabe59cd7d8719a258c729d2dcc40ed6aa9987a6a22ff763e597de5a1ccf56216316d3202f9013074a17d8f718efb541c07b5580c56cd4cc2d8c8af851d7444f', 'admin', '2026-09-12 11:16:53'),
(544, '387a931b22bfaf9b0ac23eec0099c763da08f43ff112cce25fa0d629519a16fd2ef44aec082294d443b99b5c62af3ce460ecc9e42a3891bb79b4c35f01215750', 'admin', '2026-09-12 11:50:47'),
(545, 'd912e8537567745046e45595395d615245a9c42abcdea3d1c9f36f35898a459b9148d963278a71ab7a164fe9b39768d7eba507147a6eb794bf1dd1603f810794', 'admin', '2026-09-12 12:34:10'),
(546, '56fe9e306dd051365dfa157f8b0032a040aa5414f0826267a84d29814d065bdf9177045985091145dd61458a711cfdfe019ecf367e295061cae1a0eeee9fce78', 'admin', '2026-09-12 12:35:28'),
(547, 'ec5ab5727357ba5dd95a8fc90e6b2c3dee965105e094272e9f346cb2f9b39a8ece88f50940bd3be0634b51506d070df8d1210538b5a60e08d054fbda5b639038', 'admin', '2026-09-12 13:46:29'),
(548, '5f6ce2d8dd2982e3e6d84244ca41c22c3392613c594c1d5769b588db3b6d45b5c835e0abcd0554afb86c95b8b65b7214171267bfda47e6bc43c1ff8208c9b7b9', 'admin', '2026-09-12 16:20:46'),
(549, '0310cfb4d7173f45a743f8f7dfcfe4cb42bb5b63278a146ba071db10825b36ff7d3a42ae5805a493b3d5485508275b188615cf46a7caf9ac0694f374b00cfc6d', 'admin', '2026-09-12 17:38:27'),
(550, '8cba60d9f8e1d0f9e058ce6a0a9d43b5b93f09ea3fb1257fe386cb7166b67fd238e8736b85e58256cefc3640d83745d02d99441dca66f389163e7305cf78c411', 'admin', '2026-09-12 22:36:58'),
(551, '2aaeee85ccad14989e5ecb486f1431084258233f2ada43f0d86239a77cb5337ec14ea3f04c422618b2712899bec92e2622f89548e4e2e65bac39819cd367226d', 'admin', '2026-09-12 23:05:05'),
(552, 'c2c7ce31b6f630f381fb2f0eddf65d8972f381a7bf761d01819e60967c9aa6e6bbefd04da3ed00d4d3960d49681ce3f53fefd12031ee449501dd8d420fdaa2b9', 'admin', '2026-09-12 23:06:21'),
(553, '7445f409af07184a294ed83667095bf9cd9cebb0728adf5a22a4a5ab597aa1a3f2999aed2a43e58b9c07b64538c6cd73f97a45d624b8564d8fb347d7643884a7', 'admin', '2026-09-13 03:07:01'),
(554, '21bbfe24ee4f823c33a2f8c1c2debb99edb4ff07b864f19a90ce5de477f3401f129e99a0880b55672ab05fd02b7a7d4c9250dfe0fae7052491f9888aefec62a2', 'admin', '2026-09-13 13:18:41'),
(555, 'c07ad41c9e940df3272c79180f882ff3d506034f78c54930ada3277c74359f014136d0f237ac27e2134f69f318ff94ff45422038167f5fb9f7f2215884b7572c', 'admin', '2026-09-13 15:23:08'),
(556, '17e30302ca57d406330551a4c6fc08ab25cd28af09220b2007345de6bcab482d2c133d973edbdf82b3aaf45fe7de704dffc653df57fbbdb65485e4fc73e43514', 'admin', '2026-09-13 17:55:46'),
(557, '13e118cf3624c17228edbc2d928ab3f5115fd07db53c9343d0e9fd087ce9355a6188bbdffbb5cd2e4a3bbb9d4d33ce6840e88920dbf45b2694848a4496a1b573', 'admin', '2026-09-13 20:08:05'),
(558, '12a9d5ece59ee1b3bd3d194398a340fb79686fd3db43c81f45acd1cfd867e671fb3db468453bf19b1668176a8736169d68b51187029600284b443ba1ff779dc2', 'admin', '2026-09-15 16:37:53'),
(559, '28de296858b6c79bed26672b233479559197248a1618f727726be9fe541f4c93636c8c2f08f38375780713625e658448f9c8240e9fc920824eadbe5b0dae1058', 'admin', '2026-09-15 18:14:37'),
(560, 'eb1fb3c2983d0d264737203a3ea95071c25972da64259ce7f5e2845eac0989cc6e01b6a0ef2d9e0c0faad93e31c6d2cbe2a6823a60986fe110a1c513bd310cb8', 'admin', '2026-09-15 19:40:37'),
(561, '3008c876258d8c1da8ad154ecaba9eee834c2d0954a1ab7aa86afa62c9bead3653918de07fc3dd940aa8924d7ccb68d9b81ada1d22f428b4c4490d13aec5ccc1', 'admin', '2026-09-15 20:07:37'),
(562, '3d97b59f1765e3b68e3bba008b588a55243c762b4e714e007f5a1dee8c93824b80c894c7ed0d68791677ef747bba3dc46b58dcc44336b5f395f96f3dbe2b020b', 'admin', '2026-09-15 20:07:37'),
(563, '8364ab676e4377f806ebaec08bf433e2b60a8a4b577ec07af2480c100dd5e15d7494bc5ebd460bac32955ec9b2a88b6fae3fb3a81356000c1d17671b8018dd50', 'admin', '2026-09-16 13:39:38'),
(564, '4e73a39607dd9a5cd8bf363a854c98633b109b1b2cb6903968045872400e244a43c5fed4d02fb6278c60060e3b65e4825293cd0c15368f99e5f5aae97b74ee55', 'admin', '2026-09-16 16:44:45'),
(565, '54d0e61e4c8dfd9c643efa8ffa2ab1a424193f25ee9fb1236b9beaffeecc3a720ab1c7f167a95ac56dd18a2a7bd39bd19d899a16c43a1809c5d3c5170c57e298', 'admin', '2026-09-16 16:44:59'),
(566, 'f25a705f71c316d99f85e383a4cfe6ccb32524f6c73109d18f7715f4fd249d7bb632e110efa7af13916ad61ed3fe77edc09568539643d6f56ec933d506f65628', 'admin', '2026-09-16 19:02:28'),
(567, '5cbbac418bffa09a94fff8f669ab93e0e587196ed465d907f30a82cf8e5a9b745feb60a1df8706fa85d13e5774d816fee81664995b4021a796b44fe4142f3550', 'admin', '2026-09-16 20:36:02'),
(568, 'cbbaa0dc39f6cae913ee7d443e8b22449395cb05fcf5505bfda795923e74437de7dd33183322538f37141a8688c877bc7731d1a615a5e249221bc11a718c6858', 'admin', '2026-09-17 13:41:27'),
(569, '533e9c69e3ae7cfc8ed89e846f9eecabcd989be9b153a78a82090f33220427b82eae059ec100cdc8357c0240955633d777bfe90279caf7a72aab77c2f2da5a29', 'admin', '2026-09-17 14:59:04'),
(570, '5ae245548039021987bdf160086637d73f572ed48387e776f7c786e1ff18ab147cfaebc1c3c3fe52f8063dd6179c42f02510b3ae2d98f973eb79bb092d53e977', 'admin', '2026-09-17 16:07:35'),
(571, '2d30619c9ed023b723c9b66be2f7d330ffcfdf539127ff2cf5e706df18db9687f3161dbbf59685e2e7f6abcba22f969e806e53c1f37dc3ffa1b14929cc00b10c', 'admin', '2026-09-17 17:28:41'),
(572, 'a64f4e893f0d37b03e39cabc739b7d4eb1fe0ab02bff5a39f358bfb58586c9ae894c29985cd415526a51d55b5e41c2b4b2f7fd1d3b9c3e462713be5520e09f6c', 'admin', '2026-09-17 18:34:50'),
(573, 'a4edb508de2b1c36bd43c2a0ef44d84c6ecb2d93259fa25196a861b5dbab5d587f7fb45f79a1c746637bedc58af40ddf92975459103ba36b9e6b11e487f18c8b', 'admin', '2026-09-17 19:54:01'),
(574, 'bd9e6eca01364d27ca680f9cb82e5e755d3378c5a1519e01b4e5be8e010d993cc13da0151a2302f0a89722b52b30f03681863acd8614391ca3136270499e951c', 'admin', '2026-09-18 06:33:14'),
(575, '550f6c331c138738ae28ce68436b01efae5fae32681d330ae68ced31044cfa692f405134cbb7d1062887e21bc5ca7ca8fea0db04c0b75b460496498a711bf8b7', 'admin', '2026-09-18 07:35:08'),
(576, '990a1266d89d82335a4e83a9a9224650f56f9a75b83a1b2dbb4e1eb8e083d05ff37063791f9f2db7af8f04b1660fd64864428d89346db20758fbf32692cbef6d', 'admin', '2026-09-18 08:38:31'),
(577, '02881b1abecffdd6a09ab3b25262c53c7aa0f1da2d476b64081ee02167b999a41bd45cd16eeff2181a07f83a85456323a616f8d8f45524bd28e8f8d2a4ae687d', 'admin', '2026-09-18 09:42:00'),
(578, 'c3409dc87ac72a3b673eccb28dc375acb72fe5460951696e8ba6e010433479ad7467c8a2df840b371ab89dfde492b681d6f2240ec4e3741027c454983adbf912', 'admin', '2026-09-18 20:02:40'),
(579, '6694b25c9636a18be5e895e1cbb2b87b4980c44dbd499a44c68ec3a89976a61226cfd216a7047a774b1f265c6107a97f7944c3e1d082057ff09afb1c352dab6f', 'admin', '2026-09-18 21:49:47'),
(580, '1268b6c6c98f0eeccd1d1ce60bbea4491715eaca8d6589d20da1175083d793ac6b21f5e4871367b9695a47691247b5e00215ad387c3b25c19f848a1d38371e62', 'admin', '2026-09-18 22:52:12'),
(581, 'c224191587015c96c45702d33fb2067fbb579dd9629bb9d4a160b33a6d5f7fc72ef301f92324e480c96863eb6e5f02f1aa8c35a8bd1bb00d91a84cda0c392143', 'admin', '2026-09-23 16:56:46'),
(582, 'a61f3f10a001ced9f1b0f607b811d3166fe9e2048e7b5dcfa3f2d091feca60124603feac829e0e8dea6dca0d4e15afc6441e750d243914c95d0f2b66cff3f2d9', 'admin', '2026-09-23 16:57:40'),
(583, 'b0ac505afcf2664f70b283b355c08b5cd72a86551b9872fd7164e86167b8c84ba2a299cc9e936cfd91e1911375af35be3dfb98fc9ca8da77551bd6d5a10adad1', 'admin', '2026-09-23 19:07:52'),
(584, '199fb6677c98783234eb3f4b5c495fb9ca5fcf48cb88c28b0183bbfcfe5a7af9bc7d3e75cf6ffa19578ebf4a770add43d1b304a6a8978092096713e5274e7f4e', 'admin', '2026-09-23 22:51:53'),
(585, 'bf5b56fd11cd72b88c9e6db8a7f0f920d284da0e9129091fbe7c72b13aaf165986e750292edca868bef7e73e7b7d08557f6d5a3b096d3de3f96b14f7d81201a2', 'admin', '2026-09-24 14:15:58'),
(586, 'e5889fc5b30116b76dbc9b2ef0d677259e6940a7907b09473410561110b2c7c595544e317ce6612081b78b1bd5890212d1cca09100e86a299bd9559035c320c4', 'admin', '2026-09-24 15:54:05'),
(587, 'dc9ade8b7db3225388759af5c2e77e872af93820e46a71fd8fb71636861b96717223255a9934f325c281db5c16fe00427d3631133eea7a3522ed8e418ccbd024', 'admin', '2026-09-24 17:41:49'),
(588, 'd2a18e77caf6e62acff28134987afbac611cdcc02d140aac8234f7fb00a3c76a33b55b3bbc7a64e3467c73cec36a664ab314035ce924c65333867a87bc619795', 'admin', '2026-09-24 18:44:44'),
(589, 'c6890f45cc9840221da4ce810414c941a8932d14eefdb6795453a8f171086906c95e94a403988c086f9bc3c4bca865528ad81a73a8d8689c1e7f3e755a855ccd', 'admin', '2026-09-24 22:01:11'),
(590, 'e22370a0f1d3294d38f4e1f91abce8982434c0d94d83be4964e385bc0187843a9eee3e2921d92649b5a7931b323dd866eb78d434ec77857a72904cabd38193c5', 'admin', '2026-09-25 12:31:20');
INSERT INTO `VSAPI_RefreshTokens` (`id`, `refresh_token`, `username`, `valid`) VALUES
(591, 'a3416a1dc320e3a97687cd15aa846454456ac85f371d1caf83ef29f488d3d1cb6a61efab41b86ca002b909676fddf44c36e4aee446744a0c96a79bcd2dd70b3a', 'admin', '2026-09-25 19:06:13'),
(592, '56a93b53abe6ddf23d162af59a92495826e85bb329572615a9f2fb82647f84f75da276c3a089b5896a9f51bfca6e68d4e59873726feae4a4b096a3910088075a', 'admin', '2026-09-25 20:28:34'),
(593, '11e3e1bb30916667c67992f6fdbe1f9d457f5848a1b0d2d0a3c3f13c8c99124b3d73678f927c5525b4a107341eee82daef2a69a9adf2fa3202f1981e831724b0', 'admin', '2026-09-25 21:29:32'),
(594, '530ccd7464d86b5952e1cc0b55a919ee25cba3746c712ea9fe3ce5f8312d8d4c0b156ac0961d5062324dac6cf10b487454015051b2bbe7d9b390c5f12a4e0c83', 'admin', '2026-09-25 23:25:44'),
(595, 'c1488c674f5f44254c752556a158996366cf50ce7a771f60d5914effd33b3720bb56a9ccf5f8a6bab574e98f4255d35e9800c3af7f66359856ec160c14290fef', 'admin', '2026-09-26 13:35:13'),
(596, 'b74a497316c41400bd7e17ad530f8335afba9f25f5271ab81c42caa61acee7001c1dc8b970fd76264e2b5ec7b8e999bc06cc1d01f51fca8ce3a7f1d6c502ddfc', 'admin', '2026-09-26 14:38:42'),
(597, 'e7f142efe49a8914282c499d2ce24d5d12e87c3ae1a4b926360d1fe1f7aa00e9021acd14e0eeb65fb6879e3045295e3dda59d96d3334f2e2f831eeae2d3d793e', 'admin', '2026-09-26 15:39:02'),
(598, 'cec63469e5c6995dd80d5e96da77e5e68bb9db0709a579209ea2ce262069feba078a86b366ad65be5e5e0f94dc4a86d9d45c3c0d48d46c4bef4d2ec3acca45ca', 'admin', '2026-09-26 16:42:25'),
(599, '5a0654e039f9f2a71732a64d4ef5a38712ff9f7aadb9541adc14e0b0bcd846dcdfda6697d6d436b1618e6bcb550db64a1c9793622c595d36b6d5adf78069f747', 'admin', '2026-09-26 18:21:07');

-- --------------------------------------------------------

--
-- Table structure for table `VSAPP_Applications`
--

CREATE TABLE `VSAPP_Applications` (
  `title` varchar(255) NOT NULL,
  `hostname` varchar(255) DEFAULT NULL,
  `code` varchar(255) NOT NULL,
  `enabled` tinyint(1) NOT NULL,
  `created_at` datetime NOT NULL,
  `updated_at` datetime DEFAULT NULL,
  `id` int NOT NULL
) ENGINE=InnoDB DEFAULT CHARSET=utf8mb3;

--
-- Dumping data for table `VSAPP_Applications`
--

INSERT INTO `VSAPP_Applications` (`title`, `hostname`, `code`, `enabled`, `created_at`, `updated_at`, `id`) VALUES
('Admin Panel', 'admin.game-platform.lh', 'admin-panel', 1, '2022-10-12 12:12:22', '2022-10-12 12:12:22', 1),
('Game Platform API', 'api.game-platform.lh', 'game-platform-api', 1, '2024-06-08 09:29:21', '2024-06-08 09:29:21', 3),
('Game Platform', 'game-platform.lh', 'game-platform', 1, '2024-07-27 15:30:33', '2024-08-02 10:56:10', 4);

-- --------------------------------------------------------

--
-- Table structure for table `VSAPP_Applications_Users`
--

CREATE TABLE `VSAPP_Applications_Users` (
  `application_id` int NOT NULL,
  `user_id` int NOT NULL
) ENGINE=InnoDB DEFAULT CHARSET=utf8mb3;

--
-- Dumping data for table `VSAPP_Applications_Users`
--

INSERT INTO `VSAPP_Applications_Users` (`application_id`, `user_id`) VALUES
(4, 7),
(4, 8),
(4, 9),
(4, 10);

-- --------------------------------------------------------

--
-- Table structure for table `VSAPP_CookieConsentTranslations`
--

CREATE TABLE `VSAPP_CookieConsentTranslations` (
  `language_code` varchar(8) NOT NULL,
  `locale_code` varchar(8) NOT NULL DEFAULT 'en_US' COMMENT 'From wich of Locales is this Language Created.',
  `btn_accept_all` varchar(64) NOT NULL,
  `btn_reject_all` varchar(64) NOT NULL,
  `title` varchar(64) NOT NULL,
  `description` longtext NOT NULL,
  `label` varchar(64) NOT NULL DEFAULT 'Cookie Consent',
  `btn_accept_necessary` varchar(64) NOT NULL DEFAULT 'Accept necessary',
  `btn_show_preferences` varchar(64) NOT NULL DEFAULT 'Manage individual preferences',
  `id` int NOT NULL
) ENGINE=InnoDB DEFAULT CHARSET=utf8mb3;

-- --------------------------------------------------------

--
-- Table structure for table `VSAPP_DoctrineDbalCache`
--

CREATE TABLE `VSAPP_DoctrineDbalCache` (
  `item_id` varbinary(255) NOT NULL,
  `item_data` mediumblob NOT NULL,
  `item_lifetime` int UNSIGNED DEFAULT NULL,
  `item_time` int UNSIGNED NOT NULL
) ENGINE=InnoDB DEFAULT CHARSET=utf8mb3 COLLATE=utf8mb3_unicode_ci;

--
-- Dumping data for table `VSAPP_DoctrineDbalCache`
--

INSERT INTO `VSAPP_DoctrineDbalCache` (`item_id`, `item_data`, `item_lifetime`, `item_time`) VALUES
(0x6170706c69636174696f6e2d6d656e752d6c6f63616c657330, 0x733a313030343a223c64697620636c6173733d2264726f70646f776e2d6d656e752064726f70646f776e2d6d656e752d656e64206c6f63616c65732d6d656e75223e0a202020202020202020202020202020202020202020202020202020200a20202020202020203c212d2d206974656d2d2d3e0a20202020202020203c6120687265663d222f7365745f6c6f63616c652f656e5f555322200a202020202020202020202020636c6173733d2264726f70646f776e2d6974656d206e6f746966792d6974656d206c616e67756167652070792d3222200a202020202020202020202020646174612d6c616e673d22656e22207469746c653d22456e676c6973682028757329220a2020202020202020202020207469746c653d22456e676c6973682028555329220a20202020202020203e0a2020202020202020202020202020202020202020202020203c696d67207372633d222f6275696c642f67616d65706c6174666f726d2d76656c7a6f6e736161732d7468656d652f696d616765732f666c6167732f75732e7376672220616c743d22486561646572204c616e677561676522206865696768743d2231382220636c6173733d226d652d3220726f756e646564223e0a2020202020202020202020200a2020202020202020202020203c7370616e20636c6173733d22616c69676e2d6d6964646c65223e456e676c69736820285553293c2f7370616e3e0a20202020202020203c2f613e0a202020202020202020202020202020202020202020202020202020200a20202020202020203c212d2d206974656d2d2d3e0a20202020202020203c6120687265663d222f7365745f6c6f63616c652f62675f424722200a202020202020202020202020636c6173733d2264726f70646f776e2d6974656d206e6f746966792d6974656d206c616e67756167652070792d3222200a202020202020202020202020646174612d6c616e673d22626722207469746c653d2242756c67617269616e220a2020202020202020202020207469746c653d2242756c67617269616e220a20202020202020203e0a2020202020202020202020202020202020202020202020203c696d67207372633d222f6275696c642f67616d65706c6174666f726d2d76656c7a6f6e736161732d7468656d652f696d616765732f666c6167732f62672e7376672220616c743d22486561646572204c616e677561676522206865696768743d2231382220636c6173733d226d652d3220726f756e646564223e0a2020202020202020202020200a2020202020202020202020203c7370616e20636c6173733d22616c69676e2d6d6964646c65223e42756c67617269616e3c2f7370616e3e0a20202020202020203c2f613e0a202020203c2f6469763e223b, 3600, 1758856760),
(0x6170706c69636174696f6e2d6d656e752d6c6f63616c657331, 0x733a313030343a223c64697620636c6173733d2264726f70646f776e2d6d656e752064726f70646f776e2d6d656e752d656e64206c6f63616c65732d6d656e75223e0a202020202020202020202020202020202020202020202020202020200a20202020202020203c212d2d206974656d2d2d3e0a20202020202020203c6120687265663d222f7365745f6c6f63616c652f656e5f555322200a202020202020202020202020636c6173733d2264726f70646f776e2d6974656d206e6f746966792d6974656d206c616e67756167652070792d3222200a202020202020202020202020646174612d6c616e673d22656e22207469746c653d22456e676c6973682028757329220a2020202020202020202020207469746c653d22456e676c6973682028555329220a20202020202020203e0a2020202020202020202020202020202020202020202020203c696d67207372633d222f6275696c642f67616d65706c6174666f726d2d76656c7a6f6e736161732d7468656d652f696d616765732f666c6167732f75732e7376672220616c743d22486561646572204c616e677561676522206865696768743d2231382220636c6173733d226d652d3220726f756e646564223e0a2020202020202020202020200a2020202020202020202020203c7370616e20636c6173733d22616c69676e2d6d6964646c65223e456e676c69736820285553293c2f7370616e3e0a20202020202020203c2f613e0a202020202020202020202020202020202020202020202020202020200a20202020202020203c212d2d206974656d2d2d3e0a20202020202020203c6120687265663d222f7365745f6c6f63616c652f62675f424722200a202020202020202020202020636c6173733d2264726f70646f776e2d6974656d206e6f746966792d6974656d206c616e67756167652070792d3222200a202020202020202020202020646174612d6c616e673d22626722207469746c653d2242756c67617269616e220a2020202020202020202020207469746c653d2242756c67617269616e220a20202020202020203e0a2020202020202020202020202020202020202020202020203c696d67207372633d222f6275696c642f67616d65706c6174666f726d2d76656c7a6f6e736161732d7468656d652f696d616765732f666c6167732f62672e7376672220616c743d22486561646572204c616e677561676522206865696768743d2231382220636c6173733d226d652d3220726f756e646564223e0a2020202020202020202020200a2020202020202020202020203c7370616e20636c6173733d22616c69676e2d6d6964646c65223e42756c67617269616e3c2f7370616e3e0a20202020202020203c2f613e0a202020203c2f6469763e223b, 3600, 1758879079),
(0x6170706c69636174696f6e2d6d656e752d6c6f63616c657337, 0x733a313030343a223c64697620636c6173733d2264726f70646f776e2d6d656e752064726f70646f776e2d6d656e752d656e64206c6f63616c65732d6d656e75223e0a202020202020202020202020202020202020202020202020202020200a20202020202020203c212d2d206974656d2d2d3e0a20202020202020203c6120687265663d222f7365745f6c6f63616c652f656e5f555322200a202020202020202020202020636c6173733d2264726f70646f776e2d6974656d206e6f746966792d6974656d206c616e67756167652070792d3222200a202020202020202020202020646174612d6c616e673d22656e22207469746c653d22456e676c6973682028757329220a2020202020202020202020207469746c653d22456e676c6973682028555329220a20202020202020203e0a2020202020202020202020202020202020202020202020203c696d67207372633d222f6275696c642f67616d65706c6174666f726d2d76656c7a6f6e736161732d7468656d652f696d616765732f666c6167732f75732e7376672220616c743d22486561646572204c616e677561676522206865696768743d2231382220636c6173733d226d652d3220726f756e646564223e0a2020202020202020202020200a2020202020202020202020203c7370616e20636c6173733d22616c69676e2d6d6964646c65223e456e676c69736820285553293c2f7370616e3e0a20202020202020203c2f613e0a202020202020202020202020202020202020202020202020202020200a20202020202020203c212d2d206974656d2d2d3e0a20202020202020203c6120687265663d222f7365745f6c6f63616c652f62675f424722200a202020202020202020202020636c6173733d2264726f70646f776e2d6974656d206e6f746966792d6974656d206c616e67756167652070792d3222200a202020202020202020202020646174612d6c616e673d22626722207469746c653d2242756c67617269616e220a2020202020202020202020207469746c653d2242756c67617269616e220a20202020202020203e0a2020202020202020202020202020202020202020202020203c696d67207372633d222f6275696c642f67616d65706c6174666f726d2d76656c7a6f6e736161732d7468656d652f696d616765732f666c6167732f62672e7376672220616c743d22486561646572204c616e677561676522206865696768743d2231382220636c6173733d226d652d3220726f756e646564223e0a2020202020202020202020200a2020202020202020202020203c7370616e20636c6173733d22616c69676e2d6d6964646c65223e42756c67617269616e3c2f7370616e3e0a20202020202020203c2f613e0a202020203c2f6469763e223b, 3600, 1753527777),
(0x6d61696e2d6d656e752d6170706c69636174696f6e7331, 0x733a313832393a22202020202020202020202020093c6c6920636c6173733d226d656e752d7469746c65223e3c7370616e20646174612d6b65793d22742d6d656e75223e4170706c69636174696f6e204c696e6b733c2f7370616e3e3c2f6c693e0a20202020202020200a2020202020202020202020203c6c6920636c6173733d226e61762d6974656d20223e0a2020202020202020202020203c6120636c6173733d226e61762d6c696e6b220a20202020202020202020202020202020646174612d62732d746f67676c653d22636f6c6c61707365220a20202020202020202020202020202020617269612d657870616e6465643d2266616c7365220a20202020202020202020202020202020646174612d62732d7461726765743d22237375626d656e752d6170706c69636174696f6e73220a20202020202020202020202020202020617269612d636f6e74726f6c733d227375626d656e752d6170706c69636174696f6e73220a20202020202020202020202020202020687265663d226a6176617363726970743a3b220a2020202020202020202020203e0a202020202020202020202020093c6920636c6173733d2272692d617070732d322d6c696e65223e3c2f693e200a202020202020202020202020202020203c7370616e3e4170706c69636174696f6e733c2f7370616e3e0a2020202020202020202020203c2f613e0a2020202020202020202020200a2020202020202020202020203c6469762069643d227375626d656e752d6170706c69636174696f6e732220636c6173733d22636f6c6c61707365207375626d656e7522207374796c653d22223e0a202020202020202020202020202020203c756c20636c6173733d226e6176206e61762d736d20666c65782d636f6c756d6e223e0a20202020202020202020202020202020202020202020202020202020202020202020202020202020202020202020202020202020202020202020202020202020202020202020202020202020202020202020202020202020202020202020202020202020202020202020202020202020090a20202020202020202020202020202020202020202020202009202020202020202020202020202020202020202020202020202020202020202020202020202020202020202020202020202020202020202020202020202020202020202020202020202020202020202020202020202020200a202020202020202020202020202020202020202020202020202020203c6c6920636c6173733d226e61762d6974656d20223e0a20202020202020202020202020202020202020202020202020202020202020203c6120636c6173733d226e61762d6c696e6b206d61696e2d6d656e752d627574746f6e2220687265663d22687474703a2f2f6170692e67616d652d706c6174666f726d2e6c682f6170692f6170692d646f637322207461726765743d225f626c616e6b223e0a20202020202020202020202020202020202020202020202020202020202020202020202047616d6520506c6174666f726d204150490a20202020202020202020202020202020202020202020202020202020202020203c2f613e0a2020202020202020202020202020202020202020202020202020203c2f6c693e0a2020202020202020202020202020202020202020202020202020202020202020202020202020202020202020202020202020202020202020202020202020202020202020202020202020202020202020202020202020202020202020090a20202020202020202020202020202020202020202020202009202020202020202020202020202020202020202020202020202020200920202020202020202020202020202020202020202020202020202020202020202020202020202020202020202020202020202020202020200a202020202020202020202020202020202020202020202020202020203c6c6920636c6173733d226e61762d6974656d20223e0a20202020202020202020202020202020202020202020202020202020202020203c6120636c6173733d226e61762d6c696e6b206d61696e2d6d656e752d627574746f6e2220687265663d22687474703a2f2f67616d652d706c6174666f726d2e6c6822207461726765743d225f626c616e6b223e0a20202020202020202020202020202020202020202020202020202020202020202020202047616d6520506c6174666f726d0a20202020202020202020202020202020202020202020202020202020202020203c2f613e0a2020202020202020202020202020202020202020202020202020203c2f6c693e0a2020202020202020202020202020202020202020202020202020202020202020202020202020202020202020202020202020202020202020202020203c2f756c3e0a2020202020202020202020203c2f6469763e0a20202020202020203c2f6c693e0a20202020202020200a202020203c6c6920636c6173733d226e61762d64697669646572223e3c6872202f3e3c2f6c693e0a223b, 3600, 1758878270),
(0x70726f66696c652d6d656e752d6c6f63616c657331, 0x733a313038333a223c64697620636c6173733d2264726f70646f776e2d6d656e752064726f70646f776e2d6d656e752d656e64206c6f63616c65732d6d656e75223e0a2020202020202020202020202020202020202020202020202020202020202020202020202020202020202020202020200a2020202020202020202020203c212d2d206974656d2d2d3e0a2020202020202020202020203c6120687265663d222f7365745f6c6f63616c652f656e5f555322200a20202020202020202020202020202020636c6173733d2264726f70646f776e2d6974656d206e6f746966792d6974656d206c616e67756167652070792d3222200a20202020202020202020202020202020646174612d6c616e673d22656e22207469746c653d22456e676c6973682028757329220a202020202020202020202020202020207469746c653d22456e676c6973682028555329220a2020202020202020202020203e0a202020202020202020202020202020203c696d67207372633d222f6275696c642f76656c7a6f6e2d7468656d652f696d616765732f666c6167732f75732e7376672220616c743d22486561646572204c616e677561676522206865696768743d2231382220636c6173733d226d652d3220726f756e646564223e0a202020202020202020202020202020200a202020202020202020202020202020203c7370616e20636c6173733d22616c69676e2d6d6964646c65223e456e676c69736820285553293c2f7370616e3e0a2020202020202020202020203c2f613e0a20202020202020202020202020202020202020202020202020202020202020202020202020202020202020202020202020202020202020200a2020202020202020202020203c212d2d206974656d2d2d3e0a2020202020202020202020203c6120687265663d222f7365745f6c6f63616c652f62675f424722200a20202020202020202020202020202020636c6173733d2264726f70646f776e2d6974656d206e6f746966792d6974656d206c616e67756167652070792d3222200a20202020202020202020202020202020646174612d6c616e673d22626722207469746c653d2242756c67617269616e220a202020202020202020202020202020207469746c653d2242756c67617269616e220a2020202020202020202020203e0a202020202020202020202020202020203c696d67207372633d222f6275696c642f76656c7a6f6e2d7468656d652f696d616765732f666c6167732f62672e7376672220616c743d22486561646572204c616e677561676522206865696768743d2231382220636c6173733d226d652d3220726f756e646564223e0a202020202020202020202020202020200a202020202020202020202020202020203c7370616e20636c6173733d22616c69676e2d6d6964646c65223e42756c67617269616e3c2f7370616e3e0a2020202020202020202020203c2f613e0a2020202020202020202020203c2f6469763e0a223b, 3600, 1758878269),
(0x73657474696e67735f6170706c69636174696f6e5f31, 0x733a39343a227b226d61696e74656e616e63654d6f6465223a66616c73652c226d61696e74656e616e636550616765223a6e756c6c2c227468656d65223a2276616e6b6f736f66745c2f61646d696e2d70616e656c2d76656c7a6f6e2d6368696c64227d223b, NULL, 1749274302),
(0x73657474696e67735f6170706c69636174696f6e5f34, 0x733a39353a227b226d61696e74656e616e63654d6f6465223a66616c73652c226d61696e74656e616e636550616765223a6e756c6c2c227468656d65223a2276616e6b6f736f66745c2f67616d652d706c6174666f726d2d76656c7a6f6e2d73616173227d223b, NULL, 1752065031),
(0x757365722d696e666f31, 0x733a3738383a22202020203c64697620636c6173733d22636f6c2d6c672d3320636f6c2d6d642d3420636f6c2d736d2d3620636f6c2d36223e0a20202020202020203c64697620636c6173733d226361726420746578742d63656e7465722062672d7072696d61727920746578742d7768697465207769646765745f757365725f696e666f223e0a2020202020202020202020203c64697620636c6173733d22636172642d626f6479223e0a20202020202020202020202020202020202020202020202020202020202020203c756c20636c6173733d226e6176207769646765742d6e617620223e0a2020202020202020202020203c6c6920636c6173733d226e61762d6974656d223e3c6120636c6173733d226e61762d6c696e6b206d6f766572202220687265663d2223223e3c6920636c6173733d226d6174657269616c2d69636f6e73223e6f70656e5f776974683c2f693e3c2f613e3c2f6c693e0a202020203c6c6920636c6173733d226e61762d6974656d223e3c6120636c6173733d226e61762d6c696e6b202220687265663d22232220646174612d746f67676c653d22706f706f76657222207469746c653d225573657220496e666f2220646174612d636f6e74656e743d22223e3c6920636c6173733d226d6174657269616c2d69636f6e73223e68656c703c2f693e3c2f613e3c2f6c693e0a202020203c6c6920636c6173733d226e61762d6974656d223e3c6120636c6173733d226e61762d6c696e6b202220687265663d222f7769646765742d6578742f7374617475732f757365722d696e666f2f30223e3c6920636c6173733d226d6174657269616c2d69636f6e73223e636c6f73653c2f693e3c2f613e3c2f6c693e0a3c2f756c3e0a0a202020202020202020202020202020203c7370616e20636c6173733d22636f756e74223e353c2f7370616e3e0a202020202020202020202020202020203c683520636c6173733d22666f6e742d7765696768742d6c69676874223e557365727320436f756e743c2f68353e0a2020202020202020202020203c2f6469763e0a20202020202020203c2f6469763e0a202020203c2f6469763e0a223b, 3600, 1758878271);

-- --------------------------------------------------------

--
-- Table structure for table `VSAPP_InstalationInfo`
--

CREATE TABLE `VSAPP_InstalationInfo` (
  `version` varchar(12) NOT NULL,
  `data` json NOT NULL,
  `created_at` datetime NOT NULL,
  `updated_at` datetime DEFAULT NULL,
  `id` int NOT NULL
) ENGINE=InnoDB DEFAULT CHARSET=utf8mb3;

--
-- Dumping data for table `VSAPP_InstalationInfo`
--

INSERT INTO `VSAPP_InstalationInfo` (`version`, `data`, `created_at`, `updated_at`, `id`) VALUES
('0.7.2', '{}', '2024-06-08 14:49:00', '2024-06-08 14:49:00', 1);

-- --------------------------------------------------------

--
-- Table structure for table `VSAPP_Locale`
--

CREATE TABLE `VSAPP_Locale` (
  `active` tinyint(1) DEFAULT NULL,
  `title` varchar(64) DEFAULT NULL,
  `code` varchar(12) NOT NULL,
  `created_at` datetime NOT NULL,
  `updated_at` datetime DEFAULT NULL,
  `id` int NOT NULL
) ENGINE=InnoDB DEFAULT CHARSET=utf8mb3;

--
-- Dumping data for table `VSAPP_Locale`
--

INSERT INTO `VSAPP_Locale` (`active`, `title`, `code`, `created_at`, `updated_at`, `id`) VALUES
(1, 'English (US)', 'en_US', '2022-10-12 12:11:54', '2022-10-12 12:11:54', 1),
(1, 'Bulgarian', 'bg_BG', '2022-10-12 12:11:54', '2022-10-12 12:11:54', 2);

-- --------------------------------------------------------

--
-- Table structure for table `VSAPP_LogEntries`
--

CREATE TABLE `VSAPP_LogEntries` (
  `action` varchar(8) NOT NULL,
  `logged_at` datetime NOT NULL,
  `object_id` varchar(64) DEFAULT NULL,
  `object_class` varchar(191) NOT NULL,
  `version` int NOT NULL,
  `data` json DEFAULT NULL,
  `username` varchar(191) DEFAULT NULL,
  `locale` varchar(8) NOT NULL,
  `id` int NOT NULL
) ENGINE=InnoDB DEFAULT CHARSET=utf8mb3;

--
-- Dumping data for table `VSAPP_LogEntries`
--

INSERT INTO `VSAPP_LogEntries` (`action`, `logged_at`, `object_id`, `object_class`, `version`, `data`, `username`, `locale`, `id`) VALUES
('create', '2022-10-12 12:11:54', NULL, 'App\\Entity\\Cms\\Page', 1, '{}', NULL, 'en_US', 1),
('create', '2022-10-12 12:11:54', NULL, 'App\\Entity\\Cms\\Page', 1, '{}', NULL, 'en_US', 2),
('create', '2024-07-31 15:52:04', '3', 'App\\Entity\\Cms\\Page', 1, '{}', 'admin', 'en_US', 3);

-- --------------------------------------------------------

--
-- Table structure for table `VSAPP_Migrations`
--

CREATE TABLE `VSAPP_Migrations` (
  `version` varchar(1024) CHARACTER SET utf8mb3 COLLATE utf8mb3_unicode_ci NOT NULL,
  `executed_at` datetime DEFAULT NULL,
  `execution_time` int DEFAULT NULL
) ENGINE=InnoDB DEFAULT CHARSET=utf8mb3 COLLATE=utf8mb3_unicode_ci;

--
-- Dumping data for table `VSAPP_Migrations`
--

INSERT INTO `VSAPP_Migrations` (`version`, `executed_at`, `execution_time`) VALUES
('App\\DoctrineMigrations\\Version20250607051857', '2025-06-07 08:20:27', 7248),
('App\\DoctrineMigrations\\Version20250709122857', '2025-07-09 15:37:05', 628),
('App\\DoctrineMigrations\\Version20250713041347', '2025-07-13 07:15:40', 971),
('App\\DoctrineMigrations\\Version20250822045615', '2025-08-22 07:58:53', 1806),
('Vankosoft\\ApplicationBundle\\DoctrineMigrations\\Version20250606150429', '2025-06-07 08:02:39', 26156),
('Vankosoft\\CatalogBundle\\DoctrineMigrations\\Version20250607041207', '2025-06-07 08:03:06', 16524),
('Vankosoft\\CatalogBundle\\DoctrineMigrations\\Version20250804085400', '2025-08-18 14:01:38', 785);

-- --------------------------------------------------------

--
-- Table structure for table `VSAPP_Settings`
--

CREATE TABLE `VSAPP_Settings` (
  `maintenanceMode` tinyint(1) NOT NULL DEFAULT '0' COMMENT 'This Application is In Maintenace Mode.',
  `theme` varchar(255) DEFAULT NULL,
  `id` int NOT NULL,
  `application_id` int DEFAULT NULL,
  `maintenance_page_id` int DEFAULT NULL
) ENGINE=InnoDB DEFAULT CHARSET=utf8mb3;

--
-- Dumping data for table `VSAPP_Settings`
--

INSERT INTO `VSAPP_Settings` (`maintenanceMode`, `theme`, `id`, `application_id`, `maintenance_page_id`) VALUES
(0, NULL, 1, NULL, NULL),
(0, 'vankosoft/admin-panel-velzon-child', 11, 1, NULL),
(0, 'vankosoft/game-platform-velzon-saas', 13, 4, NULL);

-- --------------------------------------------------------

--
-- Table structure for table `VSAPP_TagsWhitelistContexts`
--

CREATE TABLE `VSAPP_TagsWhitelistContexts` (
  `id` int NOT NULL,
  `taxon_id` int DEFAULT NULL
) ENGINE=InnoDB DEFAULT CHARSET=utf8mb3;

--
-- Dumping data for table `VSAPP_TagsWhitelistContexts`
--

INSERT INTO `VSAPP_TagsWhitelistContexts` (`id`, `taxon_id`) VALUES
(1, 32);

-- --------------------------------------------------------

--
-- Table structure for table `VSAPP_TagsWhitelistTags`
--

CREATE TABLE `VSAPP_TagsWhitelistTags` (
  `tag` varchar(32) NOT NULL,
  `id` int NOT NULL,
  `context_id` int DEFAULT NULL
) ENGINE=InnoDB DEFAULT CHARSET=utf8mb3;

-- --------------------------------------------------------

--
-- Table structure for table `VSAPP_TaxonImage`
--

CREATE TABLE `VSAPP_TaxonImage` (
  `type` varchar(255) DEFAULT NULL,
  `path` varchar(255) NOT NULL,
  `original_name` varchar(255) NOT NULL DEFAULT '' COMMENT 'The Original Name of the File.',
  `id` int NOT NULL,
  `owner_id` int NOT NULL
) ENGINE=InnoDB DEFAULT CHARSET=utf8mb3;

-- --------------------------------------------------------

--
-- Table structure for table `VSAPP_Taxonomy`
--

CREATE TABLE `VSAPP_Taxonomy` (
  `code` varchar(255) NOT NULL,
  `name` varchar(255) NOT NULL,
  `description` longtext,
  `id` int NOT NULL,
  `root_taxon_id` int DEFAULT NULL
) ENGINE=InnoDB DEFAULT CHARSET=utf8mb3;

--
-- Dumping data for table `VSAPP_Taxonomy`
--

INSERT INTO `VSAPP_Taxonomy` (`code`, `name`, `description`, `id`, `root_taxon_id`) VALUES
('page-categories', 'Page Categories', 'Page Categories', 1, 1),
('document-categories', 'Document Categories', 'Categories for TOC Documents', 2, 2),
('document-pages', 'Document Pages', 'Document Pages for Building a TOC', 3, 3),
('user-roles', 'User Roles', 'User Roles Taxonomy', 4, 4),
('file-managers', 'File Managers', 'FileManagers Taxonomy', 5, 5),
('game-categories', 'Game Categories', 'Game Categories', 6, 12),
('paid-service-categories', 'Paid Service Categories', NULL, 7, 19),
('pricing-plan-categories', 'Pricing Plan Categories', NULL, 8, 20),
('tags-whitelist-contexts', 'Tags Whitelist Contexts', NULL, 9, 21),
('widgets-groups', 'Widgets Groups', NULL, 10, 22),
('customer-groups', 'Customer Groups', NULL, 11, 23),
('sliders', 'Sliders', NULL, 12, 24);

-- --------------------------------------------------------

--
-- Table structure for table `VSAPP_Taxons`
--

CREATE TABLE `VSAPP_Taxons` (
  `code` varchar(255) NOT NULL,
  `tree_left` int NOT NULL,
  `tree_right` int NOT NULL,
  `tree_level` int NOT NULL,
  `position` int DEFAULT NULL,
  `enabled` tinyint(1) NOT NULL,
  `id` int NOT NULL,
  `tree_root` int DEFAULT NULL,
  `parent_id` int DEFAULT NULL
) ENGINE=InnoDB DEFAULT CHARSET=utf8mb3;

--
-- Dumping data for table `VSAPP_Taxons`
--

INSERT INTO `VSAPP_Taxons` (`code`, `tree_left`, `tree_right`, `tree_level`, `position`, `enabled`, `id`, `tree_root`, `parent_id`) VALUES
('page-categories', 1, 6, 0, NULL, 1, 1, 1, NULL),
('document-categories', 1, 2, 0, NULL, 1, 2, 2, NULL),
('document-pages', 1, 2, 0, NULL, 1, 3, 3, NULL),
('user-roles', 1, 26, 0, NULL, 1, 4, 4, NULL),
('file-managers', 1, 2, 0, NULL, 1, 5, 5, NULL),
('maintenance-pages', 2, 3, 1, NULL, 1, 6, 1, 1),
('vs-application-pages', 4, 5, 1, NULL, 1, 7, 1, 1),
('role-super-admin', 2, 3, 1, NULL, 1, 8, 4, 4),
('role-application-admin', 4, 21, 1, NULL, 1, 9, 4, 4),
('role-card-games', 5, 6, 2, NULL, 1, 10, 4, 9),
('role-game-platform', 7, 8, 2, NULL, 1, 11, 4, 9),
('game-categories', 1, 6, 0, NULL, 1, 12, 12, NULL),
('card-games', 2, 3, 1, NULL, 1, 13, 12, 12),
('board-games', 4, 5, 1, NULL, 1, 14, 12, 12),
('role-bridge-belote', 9, 10, 2, 0, 1, 15, 4, 9),
('role-contract-bridge', 11, 12, 2, 1, 1, 16, 4, 9),
('role-chess', 13, 14, 2, 2, 1, 17, 4, 9),
('role-backgammon', 15, 16, 2, 3, 1, 18, 4, 9),
('paid-service-categories', 1, 2, 0, 0, 1, 19, 19, NULL),
('pricing-plan-categories', 1, 2, 0, 1, 1, 20, 20, NULL),
('tags-whitelist-contexts', 1, 4, 0, 2, 1, 21, 21, NULL),
('widgets-groups', 1, 12, 0, 3, 1, 22, 22, NULL),
('customer-groups', 1, 2, 0, 4, 1, 23, 23, NULL),
('sliders', 1, 2, 0, 5, 1, 24, 24, NULL),
('admin-main-menu', 2, 3, 1, 0, 1, 25, 22, 22),
('admin-profile-menu', 4, 5, 1, 1, 1, 26, 22, 22),
('admin-profile-page', 6, 7, 1, 2, 1, 27, 22, 22),
('test-widgets', 8, 9, 1, 3, 1, 28, 22, 22),
('role-game-platform-api', 17, 18, 2, 4, 1, 29, 4, 9),
('role-game-platform-new', 19, 20, 2, 5, 1, 30, 4, 9),
('game-platform-layout', 10, 11, 1, 4, 1, 31, 22, 22),
('static-pages', 2, 3, 1, 0, 1, 32, 21, 21),
('role-registered-user', 22, 25, 1, 0, 1, 33, 4, 4),
('role-card-game-user', 23, 24, 2, 0, 1, 34, 4, 33);

-- --------------------------------------------------------

--
-- Table structure for table `VSAPP_TaxonTranslations`
--

CREATE TABLE `VSAPP_TaxonTranslations` (
  `locale` varchar(255) NOT NULL,
  `name` varchar(255) NOT NULL,
  `slug` varchar(255) NOT NULL,
  `description` longtext,
  `id` int NOT NULL,
  `translatable_id` int DEFAULT NULL
) ENGINE=InnoDB DEFAULT CHARSET=utf8mb3;

--
-- Dumping data for table `VSAPP_TaxonTranslations`
--

INSERT INTO `VSAPP_TaxonTranslations` (`locale`, `name`, `slug`, `description`, `id`, `translatable_id`) VALUES
('en_US', 'Root taxon of Taxonomy: \"Page Categories', 'page-categories', 'Root taxon of Taxonomy: \"Page Categories\"', 1, 1),
('en_US', 'Root taxon of Taxonomy: \"Document Categories', 'document-categories', 'Root taxon of Taxonomy: \"Document Categories\"', 2, 2),
('en_US', 'Root taxon of Taxonomy: \"Document Pages', 'document-pages', 'Root taxon of Taxonomy: \"Document Pages\"', 3, 3),
('en_US', 'Root taxon of Taxonomy: \"User Roles', 'user-roles', 'Root taxon of Taxonomy: \"User Roles\"', 4, 4),
('en_US', 'Root taxon of Taxonomy: \"File Managers', 'file-managers', 'Root taxon of Taxonomy: \"File Managers\"', 5, 5),
('en_US', 'Maintenance Pages', 'maintenance-pages', 'Pages Displayed When the Application is in Maintenance Mode', 6, 6),
('en_US', 'VS Application Pages', 'vs-application-pages', 'VS Application Pages ( Terms and Conditions, etc. )', 7, 7),
('en_US', 'Role Super Admin', 'role-super-admin', 'Role Super Admin Description', 8, 8),
('en_US', 'Role Application Admin', 'role-application-admin', 'Role Application Admin Description', 9, 9),
('en_US', 'Role Card Games', 'role-card-games', 'Card Games', 10, 10),
('en_US', 'Role Game Platform', 'role-game-platform', 'Game Platform', 11, 11),
('en_US', 'Game Categories', 'game-categories', 'Root taxon of Taxonomy: \"Game Categories\"', 12, 12),
('en_US', 'Card Games', 'card-games', NULL, 13, 13),
('en_US', 'Board Games', 'board-games', NULL, 14, 14),
('bg_BG', '  ', 'igri-s-karti', NULL, 15, 13),
('bg_BG', ' ', 'nastolni-igri', NULL, 16, 14),
('en_US', 'Role Bridge Belote', 'role-bridge-belote', 'Bridge Belote', 17, 15),
('en_US', 'Role Contract Bridge', 'role-contract-bridge', 'Contract Bridge', 18, 16),
('en_US', 'Role Chess', 'role-chess', 'Chess', 19, 17),
('en_US', 'Role Backgammon', 'role-backgammon', 'Backgammon', 20, 18),
('en_US', 'Paid Service Categories', 'paid-service-categories', 'Root taxon of Taxonomy: \"Paid Service Categories\"', 21, 19),
('en_US', 'Pricing Plan Categories', 'pricing-plan-categories', 'Root taxon of Taxonomy: \"Pricing Plan Categories\"', 22, 20),
('en_US', 'Tags Whitelist Contexts', 'tags-whitelist-contexts', 'Root taxon of Taxonomy: \"Tags Whitelist Contexts\"', 23, 21),
('en_US', 'Widgets Groups', 'widgets-groups', 'Root taxon of Taxonomy: \"Widgets Groups\"', 24, 22),
('en_US', 'Customer Groups', 'customer-groups', 'Root taxon of Taxonomy: \"Customer Groups\"', 25, 23),
('en_US', 'Sliders', 'sliders', 'Root taxon of Taxonomy: \"Sliders\"', 26, 24),
('en_US', 'Admin Main Menu', 'admin-main-menu', NULL, 27, 25),
('en_US', 'Admin Profile Menu', 'admin-profile-menu', NULL, 28, 26),
('en_US', 'Admin Profile Page', 'admin-profile-page', NULL, 29, 27),
('en_US', 'Test Widgets', 'test-widgets', NULL, 30, 28),
('en_US', 'Role Game Platform API', 'role-game-platform-api', 'Game Platform API', 31, 29),
('en_US', 'Role Game Platform New', 'role-game-platform-new', 'Game Platform New', 32, 30),
('en_US', 'Game Platform Layout', 'game-platform-layout', NULL, 33, 31),
('en_US', 'Static Pages', 'static-pages', NULL, 34, 32),
('en_US', 'Role Registered User', 'role-registered-user', NULL, 35, 33),
('en_US', 'Role Card Game User', 'role-card-game-user', NULL, 36, 34);

-- --------------------------------------------------------

--
-- Table structure for table `VSAPP_Translations`
--

CREATE TABLE `VSAPP_Translations` (
  `locale` varchar(8) NOT NULL,
  `object_class` varchar(191) NOT NULL,
  `field` varchar(32) NOT NULL,
  `foreign_key` varchar(64) NOT NULL,
  `content` longtext,
  `id` int NOT NULL
) ENGINE=InnoDB DEFAULT CHARSET=utf8mb3;

--
-- Dumping data for table `VSAPP_Translations`
--

INSERT INTO `VSAPP_Translations` (`locale`, `object_class`, `field`, `foreign_key`, `content`, `id`) VALUES
('en_US', 'App\\Entity\\Application\\Taxonomy', 'name', '1', 'Page Categories', 1),
('en_US', 'App\\Entity\\Application\\Taxonomy', 'description', '1', 'Page Categories', 2),
('en_US', 'App\\Entity\\Application\\Taxonomy', 'name', '2', 'Document Categories', 3),
('en_US', 'App\\Entity\\Application\\Taxonomy', 'description', '2', 'Categories for TOC Documents', 4),
('en_US', 'App\\Entity\\Application\\Taxonomy', 'name', '3', 'Document Pages', 5),
('en_US', 'App\\Entity\\Application\\Taxonomy', 'description', '3', 'Document Pages for Building a TOC', 6),
('en_US', 'App\\Entity\\Application\\Taxonomy', 'name', '4', 'User Roles', 7),
('en_US', 'App\\Entity\\Application\\Taxonomy', 'description', '4', 'User Roles Taxonomy', 8),
('en_US', 'App\\Entity\\Application\\Taxonomy', 'name', '5', 'File Managers', 9),
('en_US', 'App\\Entity\\Application\\Taxonomy', 'description', '5', 'FileManagers Taxonomy', 10),
('en_US', 'App\\Entity\\Cms\\Page', 'title', '1', 'Under Construction', 11),
('en_US', 'App\\Entity\\Cms\\Page', 'description', '1', 'Page Displayed When the Application is in Maintenance Mode', 12),
('en_US', 'App\\Entity\\Cms\\Page', 'text', '1', '<h1>Under Construction</h1>', 13),
('en_US', 'App\\Entity\\Cms\\Page', 'title', '2', 'Terms and Conditions', 14),
('en_US', 'App\\Entity\\Cms\\Page', 'description', '2', 'Terms and Conditions Page for Application', 15),
('en_US', 'App\\Entity\\Cms\\Page', 'text', '2', '<p>Terms and Conditions</p>', 16),
('en_US', 'App\\Entity\\Application\\Taxonomy', 'name', '6', 'Game Categories', 17),
('en_US', 'App\\Entity\\Application\\Taxonomy', 'description', '6', 'Game Categories', 18),
('en_US', 'App\\Entity\\Game', 'title', '8', 'Bridge Belote', 20),
('en_US', 'App\\Entity\\Game', 'title', '9', 'Contract Bridge', 21),
('en_US', 'App\\Entity\\Game', 'title', '10', 'Chess', 22),
('en_US', 'App\\Entity\\Game', 'title', '11', 'Backgammon', 23),
('en_US', 'App\\Entity\\Application\\Locale', 'title', '1', 'English (US)', 24),
('en_US', 'App\\Entity\\Application\\Locale', 'title', '2', 'Bulgarian', 25),
('en_US', 'App\\Entity\\Application\\Taxonomy', 'name', '7', 'Paid Service Categories', 26),
('en_US', 'App\\Entity\\Application\\Taxonomy', 'name', '8', 'Pricing Plan Categories', 27),
('en_US', 'App\\Entity\\Application\\Taxonomy', 'name', '9', 'Tags Whitelist Contexts', 28),
('en_US', 'App\\Entity\\Application\\Taxonomy', 'name', '10', 'Widgets Groups', 29),
('en_US', 'App\\Entity\\Application\\Taxonomy', 'name', '11', 'Customer Groups', 30),
('en_US', 'App\\Entity\\Application\\Taxonomy', 'name', '12', 'Sliders', 31),
('en_US', 'App\\Entity\\Application\\Widget', 'name', '1', 'Main Menu Applications', 32),
('en_US', 'App\\Entity\\Application\\Widget', 'name', '2', 'Profile Menu Locales', 33),
('en_US', 'App\\Entity\\Application\\Widget', 'name', '3', 'User Info', 34),
('en_US', 'App\\Entity\\Application\\Widget', 'name', '4', 'Test Widget 1', 35),
('en_US', 'App\\Entity\\Application\\Widget', 'name', '5', 'Application Menu Locales', 36),
('en_US', 'App\\Entity\\Cms\\Page', 'title', '3', 'About Application', 38),
('en_US', 'App\\Entity\\Cms\\Page', 'description', '3', 'About this Application', 39),
('en_US', 'App\\Entity\\Cms\\Page', 'text', '3', '<div>\r\n<h5>Welcome to VankoSoft GamePlatform!</h5>\r\n\r\n<p>GamePlatform is a test application for gaming.</p>\r\n</div>', 40),
('en_US', 'App\\Entity\\Game', 'title', '12', 'Svara', 41),
('en_US', 'App\\Entity\\Game', 'slug', '12', 'svara', 42),
('en_US', 'App\\Entity\\Payment\\GatewayConfig', 'title', '2', 'Stripe Js', 44),
('en_US', 'App\\Entity\\Game', 'title', '16', 'Test Card Game', 51),
('en_US', 'App\\Entity\\Game', 'slug', '16', 'test-card-game', 52);

-- --------------------------------------------------------

--
-- Table structure for table `VSAPP_WidgetGroups`
--

CREATE TABLE `VSAPP_WidgetGroups` (
  `id` int NOT NULL,
  `taxon_id` int DEFAULT NULL
) ENGINE=InnoDB DEFAULT CHARSET=utf8mb3;

--
-- Dumping data for table `VSAPP_WidgetGroups`
--

INSERT INTO `VSAPP_WidgetGroups` (`id`, `taxon_id`) VALUES
(1, 25),
(2, 26),
(3, 27),
(4, 28),
(5, 31);

-- --------------------------------------------------------

--
-- Table structure for table `VSAPP_Widgets`
--

CREATE TABLE `VSAPP_Widgets` (
  `code` varchar(255) NOT NULL,
  `name` varchar(255) NOT NULL,
  `description` longtext,
  `allow_anonymous` tinyint(1) NOT NULL DEFAULT '0',
  `active` tinyint(1) NOT NULL DEFAULT '1',
  `id` int NOT NULL,
  `group_id` int NOT NULL
) ENGINE=InnoDB DEFAULT CHARSET=utf8mb3;

--
-- Dumping data for table `VSAPP_Widgets`
--

INSERT INTO `VSAPP_Widgets` (`code`, `name`, `description`, `allow_anonymous`, `active`, `id`, `group_id`) VALUES
('main-menu-applications', 'Main Menu Applications', NULL, 0, 1, 1, 1),
('profile-menu-locales', 'Profile Menu Locales', NULL, 0, 1, 2, 2),
('user-info', 'User Info', NULL, 0, 1, 3, 3),
('test-widget-1', 'Test Widget 1', NULL, 1, 1, 4, 4),
('application-menu-locales', 'Application Menu Locales', NULL, 1, 1, 5, 5);

-- --------------------------------------------------------

--
-- Table structure for table `VSAPP_WidgetsRegistry`
--

CREATE TABLE `VSAPP_WidgetsRegistry` (
  `config` json NOT NULL,
  `id` int NOT NULL,
  `owner_id` int DEFAULT NULL
) ENGINE=InnoDB DEFAULT CHARSET=utf8mb3;

--
-- Dumping data for table `VSAPP_WidgetsRegistry`
--

INSERT INTO `VSAPP_WidgetsRegistry` (`config`, `id`, `owner_id`) VALUES
('{\"user-info\": {\"status\": 1}, \"profile-menu-locales\": {\"status\": 1}, \"main-menu-applications\": {\"status\": 1}}', 1, 1),
('{}', 2, 2);

-- --------------------------------------------------------

--
-- Table structure for table `VSAPP_Widgets_Roles`
--

CREATE TABLE `VSAPP_Widgets_Roles` (
  `widget_id` int NOT NULL,
  `role_id` int NOT NULL
) ENGINE=InnoDB DEFAULT CHARSET=utf8mb3;

--
-- Dumping data for table `VSAPP_Widgets_Roles`
--

INSERT INTO `VSAPP_Widgets_Roles` (`widget_id`, `role_id`) VALUES
(1, 1),
(1, 2),
(2, 1),
(2, 2),
(3, 1),
(3, 2),
(5, 1),
(5, 2),
(5, 4);

-- --------------------------------------------------------

--
-- Table structure for table `VSCAT_AssociationTypes`
--

CREATE TABLE `VSCAT_AssociationTypes` (
  `id` int NOT NULL,
  `association_strategy` varchar(255) CHARACTER SET utf8mb3 COLLATE utf8mb3_unicode_ci NOT NULL DEFAULT 'strategy_associated',
  `code` varchar(255) CHARACTER SET utf8mb3 COLLATE utf8mb3_unicode_ci NOT NULL,
  `name` varchar(64) CHARACTER SET utf8mb3 COLLATE utf8mb3_unicode_ci NOT NULL,
  `created_at` datetime NOT NULL,
  `updated_at` datetime DEFAULT NULL
) ENGINE=InnoDB DEFAULT CHARSET=utf8mb3 COLLATE=utf8mb3_unicode_ci;

-- --------------------------------------------------------

--
-- Table structure for table `VSCAT_PricingPlanCategories`
--

CREATE TABLE `VSCAT_PricingPlanCategories` (
  `id` int NOT NULL,
  `parent_id` int DEFAULT NULL,
  `taxon_id` int DEFAULT NULL
) ENGINE=InnoDB DEFAULT CHARSET=utf8mb3 COLLATE=utf8mb3_unicode_ci;

-- --------------------------------------------------------

--
-- Table structure for table `VSCAT_PricingPlans`
--

CREATE TABLE `VSCAT_PricingPlans` (
  `id` int NOT NULL,
  `currency_id` int DEFAULT NULL,
  `category_id` int NOT NULL,
  `paid_service_id` int NOT NULL,
  `active` tinyint(1) NOT NULL,
  `title` varchar(255) CHARACTER SET utf8mb3 COLLATE utf8mb3_unicode_ci DEFAULT NULL,
  `description` longtext CHARACTER SET utf8mb3 COLLATE utf8mb3_unicode_ci,
  `premium` tinyint(1) NOT NULL,
  `discount` decimal(8,2) DEFAULT NULL,
  `price` decimal(8,2) NOT NULL DEFAULT '0.00',
  `gateway_attributes` json DEFAULT NULL,
  `payment_description` longtext CHARACTER SET utf8mb3 COLLATE utf8mb3_unicode_ci,
  `position` int DEFAULT '0'
) ENGINE=InnoDB DEFAULT CHARSET=utf8mb3 COLLATE=utf8mb3_unicode_ci;

-- --------------------------------------------------------

--
-- Table structure for table `VSCAT_PricingPlanSubscriptions`
--

CREATE TABLE `VSCAT_PricingPlanSubscriptions` (
  `id` int NOT NULL,
  `pricing_plan_id` int NOT NULL,
  `user_id` int DEFAULT NULL,
  `currency_id` int DEFAULT NULL,
  `recurring_payment` tinyint(1) NOT NULL DEFAULT '0',
  `recurring_payment_cancelled` tinyint(1) NOT NULL DEFAULT '0',
  `price` decimal(8,2) NOT NULL,
  `created_at` datetime NOT NULL,
  `updated_at` datetime DEFAULT NULL,
  `expires_at` datetime DEFAULT NULL COMMENT 'Is Updated when create a  New payment for this subscription.',
  `gateway_attributes` json DEFAULT NULL
) ENGINE=InnoDB DEFAULT CHARSET=utf8mb3 COLLATE=utf8mb3_unicode_ci;

-- --------------------------------------------------------

--
-- Table structure for table `VSCAT_ProductAssociations`
--

CREATE TABLE `VSCAT_ProductAssociations` (
  `id` int NOT NULL,
  `association_type_id` int NOT NULL,
  `product_id` int NOT NULL,
  `created_at` datetime NOT NULL,
  `updated_at` datetime DEFAULT NULL
) ENGINE=InnoDB DEFAULT CHARSET=utf8mb3 COLLATE=utf8mb3_unicode_ci;

-- --------------------------------------------------------

--
-- Table structure for table `VSCAT_ProductCategories`
--

CREATE TABLE `VSCAT_ProductCategories` (
  `id` int NOT NULL,
  `parent_id` int DEFAULT NULL,
  `taxon_id` int DEFAULT NULL
) ENGINE=InnoDB DEFAULT CHARSET=utf8mb3 COLLATE=utf8mb3_unicode_ci;

-- --------------------------------------------------------

--
-- Table structure for table `VSCAT_ProductFiles`
--

CREATE TABLE `VSCAT_ProductFiles` (
  `id` int NOT NULL,
  `owner_id` int DEFAULT NULL,
  `type` varchar(255) CHARACTER SET utf8mb3 COLLATE utf8mb3_unicode_ci DEFAULT NULL,
  `path` varchar(255) CHARACTER SET utf8mb3 COLLATE utf8mb3_unicode_ci NOT NULL,
  `original_name` varchar(255) CHARACTER SET utf8mb3 COLLATE utf8mb3_unicode_ci NOT NULL DEFAULT '' COMMENT 'The Original Name of the File.',
  `code` varchar(255) CHARACTER SET utf8mb3 COLLATE utf8mb3_unicode_ci NOT NULL
) ENGINE=InnoDB DEFAULT CHARSET=utf8mb3 COLLATE=utf8mb3_unicode_ci;

-- --------------------------------------------------------

--
-- Table structure for table `VSCAT_ProductPictures`
--

CREATE TABLE `VSCAT_ProductPictures` (
  `id` int NOT NULL,
  `owner_id` int DEFAULT NULL,
  `type` varchar(255) CHARACTER SET utf8mb3 COLLATE utf8mb3_unicode_ci DEFAULT NULL,
  `path` varchar(255) CHARACTER SET utf8mb3 COLLATE utf8mb3_unicode_ci NOT NULL,
  `original_name` varchar(255) CHARACTER SET utf8mb3 COLLATE utf8mb3_unicode_ci NOT NULL DEFAULT '' COMMENT 'The Original Name of the File.',
  `code` varchar(255) CHARACTER SET utf8mb3 COLLATE utf8mb3_unicode_ci NOT NULL
) ENGINE=InnoDB DEFAULT CHARSET=utf8mb3 COLLATE=utf8mb3_unicode_ci;

-- --------------------------------------------------------

--
-- Table structure for table `VSCAT_Products`
--

CREATE TABLE `VSCAT_Products` (
  `id` int NOT NULL,
  `currency_id` int DEFAULT NULL,
  `published` tinyint(1) NOT NULL,
  `slug` varchar(255) CHARACTER SET utf8mb3 COLLATE utf8mb3_unicode_ci NOT NULL,
  `name` varchar(64) CHARACTER SET utf8mb3 COLLATE utf8mb3_unicode_ci NOT NULL,
  `description` longtext CHARACTER SET utf8mb3 COLLATE utf8mb3_unicode_ci,
  `in_stock` int NOT NULL DEFAULT '0',
  `tags` varchar(255) CHARACTER SET utf8mb3 COLLATE utf8mb3_unicode_ci DEFAULT '',
  `created_at` datetime NOT NULL,
  `updated_at` datetime DEFAULT NULL,
  `price` decimal(8,2) NOT NULL,
  `average_rating` double NOT NULL DEFAULT '0'
) ENGINE=InnoDB DEFAULT CHARSET=utf8mb3 COLLATE=utf8mb3_unicode_ci;

-- --------------------------------------------------------

--
-- Table structure for table `VSCAT_Product_Associations`
--

CREATE TABLE `VSCAT_Product_Associations` (
  `association_id` int NOT NULL,
  `product_id` int NOT NULL
) ENGINE=InnoDB DEFAULT CHARSET=utf8mb3 COLLATE=utf8mb3_unicode_ci;

-- --------------------------------------------------------

--
-- Table structure for table `VSCAT_Product_Categories`
--

CREATE TABLE `VSCAT_Product_Categories` (
  `product_id` int NOT NULL,
  `category_id` int NOT NULL
) ENGINE=InnoDB DEFAULT CHARSET=utf8mb3 COLLATE=utf8mb3_unicode_ci;

-- --------------------------------------------------------

--
-- Table structure for table `VSCMS_BannerImages`
--

CREATE TABLE `VSCMS_BannerImages` (
  `type` varchar(255) DEFAULT NULL,
  `path` varchar(255) NOT NULL,
  `original_name` varchar(255) NOT NULL DEFAULT '' COMMENT 'The Original Name of the File.',
  `id` int NOT NULL,
  `owner_id` int DEFAULT NULL
) ENGINE=InnoDB DEFAULT CHARSET=utf8mb3;

-- --------------------------------------------------------

--
-- Table structure for table `VSCMS_BannerPlaces`
--

CREATE TABLE `VSCMS_BannerPlaces` (
  `imagine_filter` varchar(255) NOT NULL,
  `id` int NOT NULL,
  `taxon_id` int DEFAULT NULL
) ENGINE=InnoDB DEFAULT CHARSET=utf8mb3;

-- --------------------------------------------------------

--
-- Table structure for table `VSCMS_Banners`
--

CREATE TABLE `VSCMS_Banners` (
  `title` varchar(255) NOT NULL,
  `url` varchar(255) NOT NULL,
  `published` tinyint(1) NOT NULL,
  `priority` int NOT NULL DEFAULT '0',
  `id` int NOT NULL
) ENGINE=InnoDB DEFAULT CHARSET=utf8mb3;

-- --------------------------------------------------------

--
-- Table structure for table `VSCMS_Banners_Places`
--

CREATE TABLE `VSCMS_Banners_Places` (
  `banner_id` int NOT NULL,
  `place_id` int NOT NULL
) ENGINE=InnoDB DEFAULT CHARSET=utf8mb3;

-- --------------------------------------------------------

--
-- Table structure for table `VSCMS_DocumentCategories`
--

CREATE TABLE `VSCMS_DocumentCategories` (
  `id` int NOT NULL,
  `taxon_id` int DEFAULT NULL
) ENGINE=InnoDB DEFAULT CHARSET=utf8mb3;

-- --------------------------------------------------------

--
-- Table structure for table `VSCMS_Documents`
--

CREATE TABLE `VSCMS_Documents` (
  `title` varchar(255) NOT NULL,
  `id` int NOT NULL,
  `category_id` int DEFAULT NULL,
  `toc_root_page_id` int NOT NULL
) ENGINE=InnoDB DEFAULT CHARSET=utf8mb3;

-- --------------------------------------------------------

--
-- Table structure for table `VSCMS_FileManager`
--

CREATE TABLE `VSCMS_FileManager` (
  `id` int NOT NULL,
  `taxon_id` int DEFAULT NULL
) ENGINE=InnoDB DEFAULT CHARSET=utf8mb3;

-- --------------------------------------------------------

--
-- Table structure for table `VSCMS_FileManagerFile`
--

CREATE TABLE `VSCMS_FileManagerFile` (
  `type` varchar(255) DEFAULT NULL,
  `path` varchar(255) NOT NULL,
  `original_name` varchar(255) NOT NULL DEFAULT '' COMMENT 'The Original Name of the File.',
  `id` int NOT NULL,
  `owner_id` int NOT NULL
) ENGINE=InnoDB DEFAULT CHARSET=utf8mb3;

-- --------------------------------------------------------

--
-- Table structure for table `VSCMS_HelpCenterQuestions`
--

CREATE TABLE `VSCMS_HelpCenterQuestions` (
  `question` varchar(255) NOT NULL,
  `answer` longtext NOT NULL,
  `id` int NOT NULL
) ENGINE=InnoDB DEFAULT CHARSET=utf8mb3;

-- --------------------------------------------------------

--
-- Table structure for table `VSCMS_PageCategories`
--

CREATE TABLE `VSCMS_PageCategories` (
  `id` int NOT NULL,
  `parent_id` int DEFAULT NULL,
  `taxon_id` int DEFAULT NULL
) ENGINE=InnoDB DEFAULT CHARSET=utf8mb3;

--
-- Dumping data for table `VSCMS_PageCategories`
--

INSERT INTO `VSCMS_PageCategories` (`id`, `parent_id`, `taxon_id`) VALUES
(1, NULL, 6),
(2, NULL, 7);

-- --------------------------------------------------------

--
-- Table structure for table `VSCMS_Pages`
--

CREATE TABLE `VSCMS_Pages` (
  `published` tinyint(1) NOT NULL,
  `slug` varchar(255) NOT NULL,
  `title` varchar(255) NOT NULL,
  `description` varchar(255) DEFAULT NULL,
  `tags` varchar(255) DEFAULT '',
  `text` longtext NOT NULL,
  `id` int NOT NULL
) ENGINE=InnoDB DEFAULT CHARSET=utf8mb3;

--
-- Dumping data for table `VSCMS_Pages`
--

INSERT INTO `VSCMS_Pages` (`published`, `slug`, `title`, `description`, `tags`, `text`, `id`) VALUES
(1, 'under-construction', 'Under Construction', 'Page Displayed When the Application is in Maintenance Mode', '', '<h1>Under Construction</h1>', 1),
(1, 'terms-and-conditions', 'Terms and Conditions', 'Terms and Conditions Page for Application', '', '<p>Terms and Conditions</p>', 2),
(1, 'about-application', 'About Application', 'About this Application', NULL, '<div>\r\n<h5>Welcome to VankoSoft GamePlatform!</h5>\r\n\r\n<p>GamePlatform is a test application for gaming.</p>\r\n</div>', 3);

-- --------------------------------------------------------

--
-- Table structure for table `VSCMS_Pages_Categories`
--

CREATE TABLE `VSCMS_Pages_Categories` (
  `page_id` int NOT NULL,
  `category_id` int NOT NULL
) ENGINE=InnoDB DEFAULT CHARSET=utf8mb3;

--
-- Dumping data for table `VSCMS_Pages_Categories`
--

INSERT INTO `VSCMS_Pages_Categories` (`page_id`, `category_id`) VALUES
(1, 1),
(2, 2),
(3, 2);

-- --------------------------------------------------------

--
-- Table structure for table `VSCMS_QuickLinks`
--

CREATE TABLE `VSCMS_QuickLinks` (
  `published` tinyint(1) NOT NULL,
  `link_text` varchar(255) NOT NULL,
  `link_path` varchar(255) NOT NULL,
  `id` int NOT NULL
) ENGINE=InnoDB DEFAULT CHARSET=utf8mb3;

-- --------------------------------------------------------

--
-- Table structure for table `VSCMS_Sliders`
--

CREATE TABLE `VSCMS_Sliders` (
  `id` int NOT NULL,
  `taxon_id` int DEFAULT NULL
) ENGINE=InnoDB DEFAULT CHARSET=utf8mb3;

-- --------------------------------------------------------

--
-- Table structure for table `VSCMS_SlidersItems`
--

CREATE TABLE `VSCMS_SlidersItems` (
  `active` tinyint(1) NOT NULL,
  `title` varchar(255) NOT NULL,
  `description` longtext NOT NULL,
  `url` varchar(255) DEFAULT NULL,
  `position` int DEFAULT NULL,
  `created_at` datetime NOT NULL,
  `updated_at` datetime DEFAULT NULL,
  `id` int NOT NULL,
  `slider_id` int DEFAULT NULL
) ENGINE=InnoDB DEFAULT CHARSET=utf8mb3;

-- --------------------------------------------------------

--
-- Table structure for table `VSCMS_SlidersItemsPhotos`
--

CREATE TABLE `VSCMS_SlidersItemsPhotos` (
  `type` varchar(255) DEFAULT NULL,
  `path` varchar(255) NOT NULL,
  `original_name` varchar(255) NOT NULL DEFAULT '' COMMENT 'The Original Name of the File.',
  `id` int NOT NULL,
  `owner_id` int DEFAULT NULL
) ENGINE=InnoDB DEFAULT CHARSET=utf8mb3;

-- --------------------------------------------------------

--
-- Table structure for table `VSCMS_TocPage`
--

CREATE TABLE `VSCMS_TocPage` (
  `slug` varchar(255) NOT NULL,
  `title` varchar(255) NOT NULL,
  `description` varchar(255) DEFAULT NULL,
  `text` longtext,
  `position` int DEFAULT NULL,
  `tree_left` int NOT NULL,
  `tree_right` int NOT NULL,
  `tree_level` int NOT NULL,
  `id` int NOT NULL,
  `tree_root` int DEFAULT NULL,
  `parent_id` int DEFAULT NULL
) ENGINE=InnoDB DEFAULT CHARSET=utf8mb3;

-- --------------------------------------------------------

--
-- Table structure for table `VSGP_GamePictures`
--

CREATE TABLE `VSGP_GamePictures` (
  `id` int NOT NULL,
  `owner_id` int NOT NULL,
  `type` varchar(255) CHARACTER SET utf8mb3 COLLATE utf8mb3_unicode_ci DEFAULT NULL,
  `path` varchar(255) CHARACTER SET utf8mb3 COLLATE utf8mb3_unicode_ci NOT NULL,
  `original_name` varchar(255) CHARACTER SET utf8mb3 COLLATE utf8mb3_unicode_ci NOT NULL DEFAULT '' COMMENT 'The Original Name of the File.'
) ENGINE=InnoDB DEFAULT CHARSET=utf8mb3 COLLATE=utf8mb3_unicode_ci;

--
-- Dumping data for table `VSGP_GamePictures`
--

INSERT INTO `VSGP_GamePictures` (`id`, `owner_id`, `type`, `path`, `original_name`) VALUES
(11, 9, 'image/jpeg', '39/bf/398108eab43474b753de46dcff85.jpg', '1024px-Bridge_declarer.jpg'),
(12, 8, 'image/png', '7a/d5/cb76a94da9d289996205afae1047.png', '4CardPlayers.svg.png'),
(13, 10, 'image/jpeg', 'b1/82/0159025bf05d27486a872066ddbf.jpg', 'ChessSet.jpg'),
(14, 11, 'image/jpeg', '16/a9/8dd663a9ef33071d7f60aebb5ae2.jpg', 'Nardui.jpg'),
(15, 12, 'image/png', 'af/21/6723c52f49c499a5e80032bbee46.png', 'svara.png'),
(16, 16, 'image/jpeg', '00/e7/f0a762628885929b3416d6e849b3.jpg', 'revolutionx.jpg');

-- --------------------------------------------------------

--
-- Table structure for table `VSGP_GamePlatformApplications`
--

CREATE TABLE `VSGP_GamePlatformApplications` (
  `id` int NOT NULL,
  `application_id` int DEFAULT NULL,
  `settings_id` int DEFAULT NULL
) ENGINE=InnoDB DEFAULT CHARSET=utf8mb3 COLLATE=utf8mb3_unicode_ci;

--
-- Dumping data for table `VSGP_GamePlatformApplications`
--

INSERT INTO `VSGP_GamePlatformApplications` (`id`, `application_id`, `settings_id`) VALUES
(1, 4, 1);

-- --------------------------------------------------------

--
-- Table structure for table `VSGP_GamePlatformSettings`
--

CREATE TABLE `VSGP_GamePlatformSettings` (
  `id` int NOT NULL,
  `settings_key` varchar(32) CHARACTER SET utf8mb3 COLLATE utf8mb3_unicode_ci NOT NULL,
  `timeout_between_players` int NOT NULL
) ENGINE=InnoDB DEFAULT CHARSET=utf8mb3 COLLATE=utf8mb3_unicode_ci;

--
-- Dumping data for table `VSGP_GamePlatformSettings`
--

INSERT INTO `VSGP_GamePlatformSettings` (`id`, `settings_key`, `timeout_between_players`) VALUES
(1, 'game-platform-developement', 2000);

-- --------------------------------------------------------

--
-- Table structure for table `VSGP_GamePlayers`
--

CREATE TABLE `VSGP_GamePlayers` (
  `id` int NOT NULL,
  `user_id` int DEFAULT NULL,
  `guid` varchar(40) CHARACTER SET utf8mb3 COLLATE utf8mb3_unicode_ci DEFAULT NULL,
  `type` enum('computer','user') COLLATE utf8mb3_unicode_ci DEFAULT NULL,
  `elo` int NOT NULL DEFAULT '0',
  `game_count` int NOT NULL DEFAULT '0',
  `gold` int NOT NULL DEFAULT '200',
  `last_free_gold` datetime DEFAULT NULL COMMENT '(DC2Type:datetime_immutable)',
  `photo_url` varchar(255) CHARACTER SET utf8mb3 COLLATE utf8mb3_unicode_ci DEFAULT NULL,
  `show_photo` tinyint(1) NOT NULL DEFAULT '0',
  `mute_intro` tinyint(1) NOT NULL DEFAULT '0'
) ENGINE=InnoDB DEFAULT CHARSET=utf8mb3 COLLATE=utf8mb3_unicode_ci;

--
-- Dumping data for table `VSGP_GamePlayers`
--

INSERT INTO `VSGP_GamePlayers` (`id`, `user_id`, `guid`, `type`, `elo`, `game_count`, `gold`, `last_free_gold`, `photo_url`, `show_photo`, `mute_intro`) VALUES
(1, 7, NULL, 'user', 353, 4, 50, NULL, NULL, 0, 0),
(2, 8, NULL, 'user', 0, 0, 200, NULL, NULL, 0, 0),
(3, 9, NULL, 'user', 0, 0, 200, NULL, NULL, 0, 0),
(4, 10, NULL, 'user', 0, 0, 200, NULL, NULL, 0, 0),
(5, NULL, 'ECC9A1FC-3E5C-45E6-BCE3-7C24DFE82C98', 'computer', 1061, 78, 200, NULL, '/build/gameplatform-velzonsaas-theme/images/game_player/aina.png', 1, 0),
(15, 1, NULL, 'user', 1082, 82, 50, NULL, NULL, 1, 0);

-- --------------------------------------------------------

--
-- Table structure for table `VSGP_Games`
--

CREATE TABLE `VSGP_Games` (
  `id` int NOT NULL,
  `category_id` int DEFAULT NULL,
  `enabled` tinyint(1) NOT NULL DEFAULT '0',
  `title` varchar(255) CHARACTER SET utf8mb3 COLLATE utf8mb3_unicode_ci NOT NULL,
  `slug` varchar(255) CHARACTER SET utf8mb3 COLLATE utf8mb3_unicode_ci NOT NULL,
  `position` int NOT NULL,
  `game_url` varchar(255) CHARACTER SET utf8mb3 COLLATE utf8mb3_unicode_ci DEFAULT NULL
) ENGINE=InnoDB DEFAULT CHARSET=utf8mb3 COLLATE=utf8mb3_unicode_ci;

--
-- Dumping data for table `VSGP_Games`
--

INSERT INTO `VSGP_Games` (`id`, `category_id`, `enabled`, `title`, `slug`, `position`, `game_url`) VALUES
(8, 1, 1, 'Bridge Belote', 'bridge-belote', 0, '/games/bridge-belote'),
(9, 1, 1, 'Contract Bridge', 'contract-bridge', 1, '/games/contract-bridge'),
(10, 2, 1, 'Chess', 'chess', 0, '/games/chess'),
(11, 2, 1, 'Backgammon', 'backgammon', 1, '/games/backgammon'),
(12, 1, 1, 'Svara', 'svara', 2, '/games/svara'),
(16, 1, 1, 'Test Card Game', 'test-card-game', 3, '/games/test-card-game');

-- --------------------------------------------------------

--
-- Table structure for table `VSGP_GamesCategories`
--

CREATE TABLE `VSGP_GamesCategories` (
  `id` int NOT NULL,
  `parent_id` int DEFAULT NULL,
  `taxon_id` int DEFAULT NULL
) ENGINE=InnoDB DEFAULT CHARSET=utf8mb3 COLLATE=utf8mb3_unicode_ci;

--
-- Dumping data for table `VSGP_GamesCategories`
--

INSERT INTO `VSGP_GamesCategories` (`id`, `parent_id`, `taxon_id`) VALUES
(1, NULL, 13),
(2, NULL, 14);

-- --------------------------------------------------------

--
-- Table structure for table `VSGP_GameSessions`
--

CREATE TABLE `VSGP_GameSessions` (
  `id` int NOT NULL,
  `game_id` int DEFAULT NULL,
  `guid` varchar(40) CHARACTER SET utf8mb3 COLLATE utf8mb3_unicode_ci DEFAULT NULL,
  `winner` varchar(40) CHARACTER SET utf8mb3 COLLATE utf8mb3_unicode_ci DEFAULT NULL,
  `score` json DEFAULT NULL,
  `active` tinyint(1) NOT NULL DEFAULT '0',
  `created_at` datetime NOT NULL,
  `updated_at` datetime NOT NULL
) ENGINE=InnoDB DEFAULT CHARSET=utf8mb3 COLLATE=utf8mb3_unicode_ci;

--
-- Dumping data for table `VSGP_GameSessions`
--

INSERT INTO `VSGP_GameSessions` (`id`, `game_id`, `guid`, `winner`, `score`, `active`, `created_at`, `updated_at`) VALUES
(2, 8, 'B6916CC7-6477-47E3-AD66-3ED1CB53E17A', NULL, NULL, 1, '2025-09-26 13:06:04', '2025-09-26 13:06:04'),
(3, 16, 'A46FCE1D-23F5-44C7-A2E9-A1120BD9C64A', NULL, NULL, 1, '2025-09-26 13:06:45', '2025-09-26 13:06:45');

-- --------------------------------------------------------

--
-- Table structure for table `VSGP_MercureConnections`
--

CREATE TABLE `VSGP_MercureConnections` (
  `id` int NOT NULL,
  `user_id` int DEFAULT NULL,
  `active` tinyint(1) NOT NULL DEFAULT '0'
) ENGINE=InnoDB DEFAULT CHARSET=utf8mb3 COLLATE=utf8mb3_unicode_ci;

--
-- Dumping data for table `VSGP_MercureConnections`
--

INSERT INTO `VSGP_MercureConnections` (`id`, `user_id`, `active`) VALUES
(1, 1, 1),
(2, 7, 0);

-- --------------------------------------------------------

--
-- Table structure for table `VSGP_TempPlayers`
--

CREATE TABLE `VSGP_TempPlayers` (
  `id` int NOT NULL,
  `player_id` int DEFAULT NULL,
  `game_id` int DEFAULT NULL,
  `guid` varchar(40) CHARACTER SET utf8mb3 COLLATE utf8mb3_unicode_ci DEFAULT NULL,
  `name` varchar(255) CHARACTER SET utf8mb3 COLLATE utf8mb3_unicode_ci NOT NULL,
  `color` enum('black','white') CHARACTER SET utf8mb3 COLLATE utf8mb3_unicode_ci DEFAULT NULL,
  `position` enum('north','south','east','west') COLLATE utf8mb3_unicode_ci DEFAULT NULL
) ENGINE=InnoDB DEFAULT CHARSET=utf8mb3 COLLATE=utf8mb3_unicode_ci;

--
-- Dumping data for table `VSGP_TempPlayers`
--

INSERT INTO `VSGP_TempPlayers` (`id`, `player_id`, `game_id`, `guid`, `name`, `color`, `position`) VALUES
(1, 15, 2, 'FB58DF94-C6EE-4D45-96D5-FB63E7838276', 'Super Admin', NULL, ''),
(2, 5, 2, '8D456B98-3C08-44DD-B377-AE79B365E512', 'Aina', NULL, 'north'),
(3, 5, 2, '6AF4DBB9-3110-4B7F-92DB-7A234E4B547F', 'Aina', NULL, 'south'),
(4, 5, 2, '71145D1F-7B1F-4823-A0AF-A7B63B90974F', 'Aina', NULL, 'east'),
(5, 15, 3, '4AB58539-E24D-4239-85BC-A409584965A5', 'admin', NULL, 'north'),
(6, 5, 3, 'A51BFFE4-F9A3-4CDC-B2FD-E0E7EF791306', 'Computer_1', NULL, 'east'),
(7, 5, 3, '161334AE-C81A-4A1D-9C95-F147E08FDD28', 'Computer_2', NULL, 'south'),
(8, 5, 3, '680ECEEF-006F-4F4A-B020-EAB43249D08D', 'Computer_3', NULL, 'west');

-- --------------------------------------------------------

--
-- Table structure for table `VSPAY_Adjustments`
--

CREATE TABLE `VSPAY_Adjustments` (
  `id` int NOT NULL,
  `order_id` int DEFAULT NULL,
  `order_item_id` int DEFAULT NULL,
  `type` varchar(255) CHARACTER SET utf8mb3 COLLATE utf8mb3_unicode_ci NOT NULL,
  `label` varchar(255) CHARACTER SET utf8mb3 COLLATE utf8mb3_unicode_ci DEFAULT NULL,
  `amount` int NOT NULL,
  `is_neutral` tinyint(1) NOT NULL,
  `is_locked` tinyint(1) NOT NULL,
  `origin_code` varchar(255) CHARACTER SET utf8mb3 COLLATE utf8mb3_unicode_ci DEFAULT NULL,
  `details` json NOT NULL,
  `created_at` datetime NOT NULL,
  `updated_at` datetime DEFAULT NULL
) ENGINE=InnoDB DEFAULT CHARSET=utf8mb3 COLLATE=utf8mb3_unicode_ci;

-- --------------------------------------------------------

--
-- Table structure for table `VSPAY_Currency`
--

CREATE TABLE `VSPAY_Currency` (
  `id` int NOT NULL,
  `code` varchar(3) CHARACTER SET utf8mb3 COLLATE utf8mb3_unicode_ci NOT NULL,
  `created_at` datetime NOT NULL,
  `updated_at` datetime DEFAULT NULL
) ENGINE=InnoDB DEFAULT CHARSET=utf8mb3 COLLATE=utf8mb3_unicode_ci;

--
-- Dumping data for table `VSPAY_Currency`
--

INSERT INTO `VSPAY_Currency` (`id`, `code`, `created_at`, `updated_at`) VALUES
(1, 'EUR', '2024-11-18 16:48:02', '2024-11-18 16:48:02');

-- --------------------------------------------------------

--
-- Table structure for table `VSPAY_CustomerGroups`
--

CREATE TABLE `VSPAY_CustomerGroups` (
  `id` int NOT NULL,
  `taxon_id` int DEFAULT NULL
) ENGINE=InnoDB DEFAULT CHARSET=utf8mb3 COLLATE=utf8mb3_unicode_ci;

-- --------------------------------------------------------

--
-- Table structure for table `VSPAY_ExchangeRate`
--

CREATE TABLE `VSPAY_ExchangeRate` (
  `id` int NOT NULL,
  `source_currency` int NOT NULL,
  `target_currency` int NOT NULL,
  `ratio` decimal(10,5) NOT NULL,
  `created_at` datetime NOT NULL,
  `updated_at` datetime DEFAULT NULL
) ENGINE=InnoDB DEFAULT CHARSET=utf8mb3 COLLATE=utf8mb3_unicode_ci;

-- --------------------------------------------------------

--
-- Table structure for table `VSPAY_ExchangeRateServices`
--

CREATE TABLE `VSPAY_ExchangeRateServices` (
  `id` int NOT NULL,
  `title` varchar(255) CHARACTER SET utf8mb3 COLLATE utf8mb3_unicode_ci NOT NULL,
  `service_id` varchar(255) CHARACTER SET utf8mb3 COLLATE utf8mb3_unicode_ci NOT NULL,
  `options` json DEFAULT NULL
) ENGINE=InnoDB DEFAULT CHARSET=utf8mb3 COLLATE=utf8mb3_unicode_ci;

-- --------------------------------------------------------

--
-- Table structure for table `VSPAY_GatewayConfig`
--

CREATE TABLE `VSPAY_GatewayConfig` (
  `id` int NOT NULL,
  `currency_id` int DEFAULT NULL,
  `gateway_name` varchar(255) CHARACTER SET utf8mb3 COLLATE utf8mb3_unicode_ci NOT NULL,
  `factory_name` varchar(255) CHARACTER SET utf8mb3 COLLATE utf8mb3_unicode_ci NOT NULL,
  `config` json NOT NULL,
  `title` varchar(255) CHARACTER SET utf8mb3 COLLATE utf8mb3_unicode_ci NOT NULL DEFAULT '',
  `description` varchar(255) CHARACTER SET utf8mb3 COLLATE utf8mb3_unicode_ci DEFAULT NULL,
  `use_sandbox` tinyint(1) NOT NULL,
  `sandbox_config` json DEFAULT NULL
) ENGINE=InnoDB DEFAULT CHARSET=utf8mb3 COLLATE=utf8mb3_unicode_ci;

--
-- Dumping data for table `VSPAY_GatewayConfig`
--

INSERT INTO `VSPAY_GatewayConfig` (`id`, `currency_id`, `gateway_name`, `factory_name`, `config`, `title`, `description`, `use_sandbox`, `sandbox_config`) VALUES
(2, 1, 'stripe_js', 'stripe_js', '{\"secret_key\": \"sk_test_QHNIIAE1D7L5oqy54cxM4pXD00GO1NH64K\", \"publishable_key\": \"pk_test_4usJseX4BL8ZuSa9efnggWj800U21erI5Y\"}', 'Stripe Js', NULL, 1, '{\"sandbox\": \"true\", \"secret_key\": \"sk_test_QHNIIAE1D7L5oqy54cxM4pXD00GO1NH64K\", \"publishable_key\": \"pk_test_4usJseX4BL8ZuSa9efnggWj800U21erI5Y\"}');

-- --------------------------------------------------------

--
-- Table structure for table `VSPAY_Order`
--

CREATE TABLE `VSPAY_Order` (
  `id` int NOT NULL,
  `user_id` int DEFAULT NULL,
  `payment_method_id` int DEFAULT NULL,
  `promotion_coupon_id` int DEFAULT NULL,
  `payment_id` int DEFAULT NULL,
  `description` varchar(255) CHARACTER SET utf8mb3 COLLATE utf8mb3_unicode_ci NOT NULL,
  `currency_code` varchar(8) CHARACTER SET utf8mb3 COLLATE utf8mb3_unicode_ci NOT NULL,
  `items_total` int NOT NULL,
  `adjustments_total` int NOT NULL,
  `total` int NOT NULL,
  `created_at` datetime NOT NULL,
  `updated_at` datetime DEFAULT NULL,
  `status` varchar(32) CHARACTER SET utf8mb3 COLLATE utf8mb3_unicode_ci NOT NULL COMMENT 'NEED THIS BECAUSE ORDER SHOULD BE CREATED BEFORE THE PAYMENT IS PRAPARED AND DONE.',
  `session_id` varchar(255) CHARACTER SET utf8mb3 COLLATE utf8mb3_unicode_ci DEFAULT NULL,
  `recurring_payment` tinyint(1) NOT NULL DEFAULT '0'
) ENGINE=InnoDB DEFAULT CHARSET=utf8mb3 COLLATE=utf8mb3_unicode_ci;

-- --------------------------------------------------------

--
-- Table structure for table `VSPAY_OrderItem`
--

CREATE TABLE `VSPAY_OrderItem` (
  `id` int NOT NULL,
  `order_id` int DEFAULT NULL,
  `subscription_id` int DEFAULT NULL,
  `product_id` int DEFAULT NULL,
  `payable_object_type` varchar(255) CHARACTER SET utf8mb3 COLLATE utf8mb3_unicode_ci NOT NULL,
  `price` decimal(8,2) NOT NULL,
  `currency_code` varchar(8) CHARACTER SET utf8mb3 COLLATE utf8mb3_unicode_ci NOT NULL,
  `qty` int NOT NULL DEFAULT '1',
  `adjustments_total` int NOT NULL,
  `total` int NOT NULL,
  `product_name` longtext CHARACTER SET utf8mb3 COLLATE utf8mb3_unicode_ci
) ENGINE=InnoDB DEFAULT CHARSET=utf8mb3 COLLATE=utf8mb3_unicode_ci;

-- --------------------------------------------------------

--
-- Table structure for table `VSPAY_Payment`
--

CREATE TABLE `VSPAY_Payment` (
  `id` int NOT NULL,
  `number` varchar(255) CHARACTER SET utf8mb3 COLLATE utf8mb3_unicode_ci DEFAULT NULL,
  `description` varchar(255) CHARACTER SET utf8mb3 COLLATE utf8mb3_unicode_ci DEFAULT NULL,
  `client_email` varchar(255) CHARACTER SET utf8mb3 COLLATE utf8mb3_unicode_ci DEFAULT NULL,
  `client_id` varchar(255) CHARACTER SET utf8mb3 COLLATE utf8mb3_unicode_ci DEFAULT NULL,
  `total_amount` int DEFAULT NULL,
  `currency_code` varchar(255) CHARACTER SET utf8mb3 COLLATE utf8mb3_unicode_ci DEFAULT NULL,
  `details` json NOT NULL,
  `real_amount` decimal(8,2) NOT NULL DEFAULT '0.00' COMMENT 'Need this for Real (Human Readable) Amount.',
  `created_at` datetime NOT NULL,
  `updated_at` datetime DEFAULT NULL
) ENGINE=InnoDB DEFAULT CHARSET=utf8mb3 COLLATE=utf8mb3_unicode_ci;

-- --------------------------------------------------------

--
-- Table structure for table `VSPAY_PaymentMethod`
--

CREATE TABLE `VSPAY_PaymentMethod` (
  `id` int NOT NULL,
  `gateway_id` int DEFAULT NULL,
  `slug` varchar(255) CHARACTER SET utf8mb3 COLLATE utf8mb3_unicode_ci NOT NULL,
  `name` varchar(64) CHARACTER SET utf8mb3 COLLATE utf8mb3_unicode_ci NOT NULL,
  `active` tinyint(1) NOT NULL
) ENGINE=InnoDB DEFAULT CHARSET=utf8mb3 COLLATE=utf8mb3_unicode_ci;

-- --------------------------------------------------------

--
-- Table structure for table `VSPAY_PaymentTokens`
--

CREATE TABLE `VSPAY_PaymentTokens` (
  `hash` varchar(255) CHARACTER SET utf8mb3 COLLATE utf8mb3_unicode_ci NOT NULL,
  `details` longtext CHARACTER SET utf8mb3 COLLATE utf8mb3_unicode_ci COMMENT '(DC2Type:object)',
  `after_url` longtext CHARACTER SET utf8mb3 COLLATE utf8mb3_unicode_ci,
  `target_url` longtext CHARACTER SET utf8mb3 COLLATE utf8mb3_unicode_ci NOT NULL,
  `gateway_name` varchar(255) CHARACTER SET utf8mb3 COLLATE utf8mb3_unicode_ci NOT NULL,
  `created_at` datetime NOT NULL,
  `updated_at` datetime DEFAULT NULL
) ENGINE=InnoDB DEFAULT CHARSET=utf8mb3 COLLATE=utf8mb3_unicode_ci;

-- --------------------------------------------------------

--
-- Table structure for table `VSPAY_PromotionActions`
--

CREATE TABLE `VSPAY_PromotionActions` (
  `id` int NOT NULL,
  `promotion_id` int DEFAULT NULL,
  `type` varchar(255) CHARACTER SET utf8mb3 COLLATE utf8mb3_unicode_ci NOT NULL,
  `configuration` json NOT NULL
) ENGINE=InnoDB DEFAULT CHARSET=utf8mb3 COLLATE=utf8mb3_unicode_ci;

-- --------------------------------------------------------

--
-- Table structure for table `VSPAY_PromotionCoupons`
--

CREATE TABLE `VSPAY_PromotionCoupons` (
  `id` int NOT NULL,
  `promotion_id` int DEFAULT NULL,
  `code` varchar(255) CHARACTER SET utf8mb3 COLLATE utf8mb3_unicode_ci NOT NULL,
  `usage_limit` int DEFAULT NULL,
  `used` int NOT NULL,
  `expires_at` datetime DEFAULT NULL,
  `created_at` datetime NOT NULL,
  `updated_at` datetime DEFAULT NULL
) ENGINE=InnoDB DEFAULT CHARSET=utf8mb3 COLLATE=utf8mb3_unicode_ci;

-- --------------------------------------------------------

--
-- Table structure for table `VSPAY_PromotionRules`
--

CREATE TABLE `VSPAY_PromotionRules` (
  `id` int NOT NULL,
  `promotion_id` int DEFAULT NULL,
  `type` varchar(255) CHARACTER SET utf8mb3 COLLATE utf8mb3_unicode_ci NOT NULL,
  `configuration` json NOT NULL
) ENGINE=InnoDB DEFAULT CHARSET=utf8mb3 COLLATE=utf8mb3_unicode_ci;

-- --------------------------------------------------------

--
-- Table structure for table `VSPAY_Promotions`
--

CREATE TABLE `VSPAY_Promotions` (
  `id` int NOT NULL,
  `code` varchar(255) CHARACTER SET utf8mb3 COLLATE utf8mb3_unicode_ci NOT NULL,
  `name` varchar(255) CHARACTER SET utf8mb3 COLLATE utf8mb3_unicode_ci NOT NULL,
  `description` varchar(255) CHARACTER SET utf8mb3 COLLATE utf8mb3_unicode_ci DEFAULT NULL,
  `priority` int NOT NULL,
  `exclusive` tinyint(1) NOT NULL,
  `usage_limit` int DEFAULT NULL,
  `used` int NOT NULL,
  `coupon_based` tinyint(1) NOT NULL,
  `starts_at` datetime DEFAULT NULL,
  `ends_at` datetime DEFAULT NULL,
  `created_at` datetime NOT NULL,
  `updated_at` datetime DEFAULT NULL
) ENGINE=InnoDB DEFAULT CHARSET=utf8mb3 COLLATE=utf8mb3_unicode_ci;

-- --------------------------------------------------------

--
-- Table structure for table `VSPAY_Promotion_Applications`
--

CREATE TABLE `VSPAY_Promotion_Applications` (
  `promotion_id` int NOT NULL,
  `application_id` int NOT NULL
) ENGINE=InnoDB DEFAULT CHARSET=utf8mb3 COLLATE=utf8mb3_unicode_ci;

-- --------------------------------------------------------

--
-- Table structure for table `VSPAY_Promotion_Orders`
--

CREATE TABLE `VSPAY_Promotion_Orders` (
  `order_id` int NOT NULL,
  `promotion_id` int NOT NULL
) ENGINE=InnoDB DEFAULT CHARSET=utf8mb3 COLLATE=utf8mb3_unicode_ci;

-- --------------------------------------------------------

--
-- Table structure for table `VSUM_AvatarImage`
--

CREATE TABLE `VSUM_AvatarImage` (
  `type` varchar(255) DEFAULT NULL,
  `path` varchar(255) NOT NULL,
  `original_name` varchar(255) NOT NULL DEFAULT '' COMMENT 'The Original Name of the File.',
  `id` int NOT NULL,
  `owner_id` int NOT NULL
) ENGINE=InnoDB DEFAULT CHARSET=utf8mb3;

--
-- Dumping data for table `VSUM_AvatarImage`
--

INSERT INTO `VSUM_AvatarImage` (`type`, `path`, `original_name`, `id`, `owner_id`) VALUES
(NULL, 'c8/09/de225d76e75ecd03f3360863ce52.png', '', 1, 1),
(NULL, '80/b5/20979aa57532bdb246ca6967df0c.png', '', 2, 2);

-- --------------------------------------------------------

--
-- Table structure for table `VSUM_ResetPasswordRequests`
--

CREATE TABLE `VSUM_ResetPasswordRequests` (
  `selector` varchar(255) NOT NULL,
  `hashedToken` varchar(255) NOT NULL,
  `requestedAt` datetime NOT NULL,
  `expiresAt` datetime NOT NULL,
  `id` int NOT NULL,
  `user_id` int NOT NULL
) ENGINE=InnoDB DEFAULT CHARSET=utf8mb3;

-- --------------------------------------------------------

--
-- Table structure for table `VSUM_UserRoles`
--

CREATE TABLE `VSUM_UserRoles` (
  `role` varchar(255) NOT NULL,
  `id` int NOT NULL,
  `parent_id` int DEFAULT NULL,
  `taxon_id` int DEFAULT NULL
) ENGINE=InnoDB DEFAULT CHARSET=utf8mb3;

--
-- Dumping data for table `VSUM_UserRoles`
--

INSERT INTO `VSUM_UserRoles` (`role`, `id`, `parent_id`, `taxon_id`) VALUES
('ROLE_SUPER_ADMIN', 1, NULL, 8),
('ROLE_APPLICATION_ADMIN', 2, NULL, 9),
('ROLE_GAME_PLATFORM_ADMIN', 4, 2, 11),
('ROLE_GAME_PLATFORM_API_ADMIN', 9, 2, 29),
('ROLE_REGISTERED_USER', 11, NULL, 33),
('ROLE_CARD_GAME_USER', 12, 11, 34);

-- --------------------------------------------------------

--
-- Table structure for table `VSUM_Users`
--

CREATE TABLE `VSUM_Users` (
  `salt` varchar(255) NOT NULL,
  `password` varchar(255) NOT NULL,
  `roles_array` json NOT NULL,
  `username` varchar(255) NOT NULL,
  `email` varchar(255) NOT NULL,
  `prefered_locale` varchar(255) DEFAULT NULL,
  `last_login` datetime DEFAULT NULL,
  `confirmation_token` varchar(255) DEFAULT NULL,
  `password_requested_at` datetime DEFAULT NULL,
  `verified` tinyint(1) DEFAULT NULL,
  `enabled` tinyint(1) DEFAULT NULL,
  `created_at` datetime NOT NULL DEFAULT CURRENT_TIMESTAMP,
  `updated_at` datetime DEFAULT NULL,
  `id` int NOT NULL,
  `info_id` int DEFAULT NULL,
  `customer_group_id` int DEFAULT NULL,
  `payment_details` json DEFAULT NULL,
  `last_active_at` datetime DEFAULT NULL,
  `google_authenticator_secret` varchar(255) DEFAULT NULL,
  `api_verify_siganature` varchar(255) DEFAULT NULL,
  `api_verify_expires_at` datetime DEFAULT NULL
) ENGINE=InnoDB DEFAULT CHARSET=utf8mb3;

--
-- Dumping data for table `VSUM_Users`
--

INSERT INTO `VSUM_Users` (`salt`, `password`, `roles_array`, `username`, `email`, `prefered_locale`, `last_login`, `confirmation_token`, `password_requested_at`, `verified`, `enabled`, `created_at`, `updated_at`, `id`, `info_id`, `customer_group_id`, `payment_details`, `last_active_at`, `google_authenticator_secret`, `api_verify_siganature`, `api_verify_expires_at`) VALUES
('974b6c6ce5d5a0760203b1424327c116', '$2y$13$ED.oNSuEt8FaNVaLP0UyfuplcaHT5k/J5VwLvgvMB/Ty6TJC/czZu', '{}', 'admin', 'admin@game-platform.lh', 'en_US', '2025-09-26 13:02:49', NULL, NULL, 1, 1, '2024-11-18 16:48:02', '2025-09-26 13:02:49', 1, 1, NULL, '[]', '2024-10-13 12:32:43', NULL, 'qCWi0yhxtrl2939Ah2uN', '2025-09-26 14:02:49'),
('2146126136b3dfa79f7a17bb9680c47a', '$2y$13$PiQ1zH.eDJnoW5OhTU4yr.05Nj3Xci9TLgvi6gYuhBFb2Md58mdDi', '{}', 'appadmin', 'appadmin@game-platform.lh', 'en_US', NULL, NULL, NULL, 1, 1, '2024-11-18 16:48:02', '2024-11-18 16:48:02', 2, 2, NULL, '[]', NULL, NULL, NULL, NULL),
('868726e65c863f6c575c16c6e5d6e5ca', '$2y$13$FnKpNkmn2hrK6vJUSQwCqOJpoM1kfC6/muO0xn.n0tlFjzCTg3TYS', '{}', 'testuser1', 'testuser1@example.com', 'en_US', '2025-07-26 14:45:10', NULL, NULL, 1, 1, '2024-11-18 16:48:02', '2025-07-26 14:45:10', 7, 7, NULL, '[]', '2024-10-08 17:11:45', NULL, 'ZSkVuVsnZAyNeqnfhPCt', '2025-07-26 15:45:10'),
('ad978ca93fc50c64f2ea3cf75f2019fd', '$2y$13$6zlgtN0Up7QCop8yzRF8aOjE72koEmoDFPQOVdW4BuxyIEYfjb3Lq', '{}', 'testuser2', 'testuser2@example.com', 'en_US', NULL, NULL, NULL, 1, 1, '2024-11-18 16:48:02', '2024-11-18 16:48:02', 8, 8, NULL, '[]', NULL, NULL, NULL, NULL),
('8025d4b740855a77aec582012341fe8d', '$2y$13$nmloMk8YAakbzLQNyPTr0uxznYY0T0F.HRY/bwjT9xyzegqF6R4Ca', '{}', 'testuser3', 'testuser3@example.com', 'en_US', NULL, NULL, NULL, 1, 1, '2024-11-18 16:48:02', '2024-11-18 16:48:02', 9, 9, NULL, '[]', NULL, NULL, NULL, NULL),
('20af9add33fc96ecde5fea7f5d0ac8ef', '$2y$13$WeEFsx1.yc1v.XbX/MwL4uublmx8SMzD6LGrjcURaQymMXQnb8O6m', '{}', 'testuser4', 'testuser4@example.com', 'en_US', NULL, NULL, NULL, 1, 1, '2024-11-18 16:48:02', '2024-11-18 16:48:02', 10, 10, NULL, '[]', NULL, NULL, NULL, NULL);

-- --------------------------------------------------------

--
-- Table structure for table `VSUM_UsersActivities`
--

CREATE TABLE `VSUM_UsersActivities` (
  `activity` varchar(255) NOT NULL,
  `date` datetime NOT NULL,
  `id` int NOT NULL,
  `user_id` int NOT NULL
) ENGINE=InnoDB DEFAULT CHARSET=utf8mb3;

--
-- Dumping data for table `VSUM_UsersActivities`
--

INSERT INTO `VSUM_UsersActivities` (`activity`, `date`, `id`, `user_id`) VALUES
('Resource: vs_application.taxonomy    Action: create', '2024-06-07 12:08:33', 1, 1),
('Resource: vs_application.taxonomy    Action: create', '2024-06-07 12:08:53', 2, 1),
('Resource: vs_application.taxonomy    Action: create', '2024-06-07 12:09:12', 3, 1),
('Resource: vs_application.taxonomy    Action: create', '2024-06-07 12:09:34', 4, 1),
('Resource: vs_application.taxonomy    Action: create', '2024-06-07 12:10:05', 5, 1),
('Resource: vs_application.taxonomy    Action: create', '2024-06-07 12:10:25', 6, 1),
('Resource: vs_application.widget_group    Action: create', '2024-06-07 12:11:14', 7, 1),
('Resource: vs_application.widget_group    Action: create', '2024-06-07 12:11:30', 8, 1),
('Resource: vs_application.widget_group    Action: create', '2024-06-07 12:11:44', 9, 1),
('Resource: vs_application.widget_group    Action: create', '2024-06-07 12:12:04', 10, 1),
('Resource: vs_application.widget    Action: create', '2024-06-07 12:13:20', 11, 1),
('Resource: vs_application.widget    Action: create', '2024-06-07 12:13:44', 12, 1),
('Resource: vs_application.widget    Action: create', '2024-06-07 12:14:14', 13, 1),
('Resource: vs_application.widget    Action: create', '2024-06-07 12:14:38', 14, 1),
('Resource: vs_users.users    Action: update', '2024-06-08 15:56:40', 15, 1),
('Resource: vsapp.games    Action: update', '2024-07-27 11:51:57', 16, 1),
('Resource: vsapp.games    Action: update', '2024-07-27 11:54:28', 17, 1),
('Resource: vsapp.games    Action: update', '2024-07-27 11:54:45', 18, 1),
('Resource: vsapp.games    Action: update', '2024-07-27 11:55:03', 19, 1),
('Resource: vs_application.widget_group    Action: create', '2024-07-28 08:46:44', 20, 1),
('Resource: vs_application.widget    Action: create', '2024-07-28 08:48:35', 21, 1),
('Resource: vs_payment.currency    Action: create', '2024-07-29 17:15:10', 22, 1),
('Resource: vsapp.games    Action: update', '2024-07-29 18:50:27', 23, 1),
('Resource: vsapp.games    Action: update', '2024-07-29 18:50:47', 24, 1),
('Resource: vsapp.games    Action: update', '2024-07-29 18:51:10', 25, 1),
('Resource: vsapp.games    Action: update', '2024-07-29 18:51:26', 26, 1),
('Resource: vs_application.tags_whitelist_context    Action: create', '2024-07-31 15:48:25', 27, 1),
('Resource: vs_cms.pages    Action: create', '2024-07-31 15:52:04', 28, 1),
('Resource: vs_users.user_roles    Action: create', '2024-08-01 13:29:14', 29, 1),
('Resource: vs_users.user_roles    Action: create', '2024-08-01 13:30:51', 30, 1),
('Resource: vs_users.users    Action: delete', '2024-08-02 10:37:31', 31, 1),
('Resource: vs_users.users    Action: delete', '2024-08-02 10:37:39', 32, 1),
('Resource: vs_users.users    Action: delete', '2024-08-02 10:37:48', 33, 1),
('Resource: vs_users.users    Action: delete', '2024-08-02 10:38:01', 34, 1),
('Resource: vsapp.game_rooms    Action: create', '2024-08-03 20:21:24', 35, 1),
('Resource: vsapp.game_rooms    Action: create', '2024-08-03 20:24:03', 36, 1),
('Resource: vsapp.game_rooms    Action: create', '2024-08-27 11:09:40', 37, 1),
('Resource: vsapp.game_platform_settings    Action: create', '2024-09-05 20:11:20', 38, 1),
('Resource: vsapp.game_platform_application    Action: create', '2024-09-05 20:17:11', 39, 1),
('Resource: vsapp.games    Action: create', '2024-09-07 12:17:54', 40, 1),
('Resource: vsapp.games    Action: update', '2024-10-26 15:36:34', 41, 1),
('Resource: vsapp.games    Action: update', '2024-10-31 18:18:04', 42, 1),
('Resource: vs_payment.currency    Action: create', '2024-11-18 16:48:02', 43, 1),
('Resource: vsapp.games    Action: create', '2025-06-03 07:46:42', 44, 1),
('Resource: vsapp.games    Action: create', '2025-06-03 07:48:42', 45, 1),
('Resource: vsapp.games    Action: create', '2025-06-03 08:00:45', 46, 1),
('Resource: vsapp.games    Action: update', '2025-06-03 08:01:17', 47, 1),
('Resource: vsapp.games    Action: delete', '2025-07-13 07:03:52', 48, 1),
('Resource: vsapp.games    Action: update', '2025-07-13 07:08:20', 49, 1),
('Resource: vsapp.games    Action: update', '2025-07-13 08:05:40', 50, 1),
('Resource: vsapp.games    Action: create', '2025-08-29 13:21:35', 51, 1),
('Resource: vsapp.games    Action: update', '2025-08-29 13:42:42', 52, 1);

-- --------------------------------------------------------

--
-- Table structure for table `VSUM_UsersInfo`
--

CREATE TABLE `VSUM_UsersInfo` (
  `title` enum('mr','mrs','miss') DEFAULT NULL,
  `first_name` varchar(255) NOT NULL,
  `last_name` varchar(255) NOT NULL,
  `designation` varchar(255) DEFAULT NULL,
  `birthday` datetime DEFAULT NULL,
  `phone` varchar(255) DEFAULT NULL,
  `mobile` varchar(255) DEFAULT NULL,
  `country` varchar(255) DEFAULT NULL,
  `city` varchar(255) DEFAULT NULL,
  `state` varchar(255) DEFAULT NULL,
  `zip` varchar(255) DEFAULT NULL,
  `address` varchar(255) DEFAULT NULL,
  `website` varchar(255) DEFAULT NULL,
  `occupation` varchar(255) DEFAULT NULL,
  `id` int NOT NULL
) ENGINE=InnoDB DEFAULT CHARSET=utf8mb3;

--
-- Dumping data for table `VSUM_UsersInfo`
--

INSERT INTO `VSUM_UsersInfo` (`title`, `first_name`, `last_name`, `designation`, `birthday`, `phone`, `mobile`, `country`, `city`, `state`, `zip`, `address`, `website`, `occupation`, `id`) VALUES
(NULL, 'Super', 'Admin', NULL, NULL, NULL, NULL, NULL, NULL, NULL, NULL, NULL, NULL, NULL, 1),
(NULL, 'Applications', 'Admin', NULL, NULL, NULL, NULL, NULL, NULL, NULL, NULL, NULL, NULL, NULL, 2),
('miss', 'Test', 'User 1', 'Game Platform User', NULL, NULL, NULL, NULL, NULL, NULL, NULL, NULL, NULL, NULL, 7),
('miss', 'Test', 'User 2', 'Game Platform User', NULL, NULL, NULL, NULL, NULL, NULL, NULL, NULL, NULL, NULL, 8),
('miss', 'Test', 'User 3', 'Game Platform User', NULL, NULL, NULL, NULL, NULL, NULL, NULL, NULL, NULL, NULL, 9),
('miss', 'Test', 'User 4', 'Game Platform User', NULL, NULL, NULL, NULL, NULL, NULL, NULL, NULL, NULL, NULL, 10);

-- --------------------------------------------------------

--
-- Table structure for table `VSUM_UsersNotifications`
--

CREATE TABLE `VSUM_UsersNotifications` (
  `notification_from` varchar(255) NOT NULL,
  `notification` varchar(255) NOT NULL,
  `notification_body` longtext,
  `readed` tinyint(1) DEFAULT NULL,
  `date` datetime NOT NULL,
  `id` int NOT NULL,
  `user_id` int NOT NULL
) ENGINE=InnoDB DEFAULT CHARSET=utf8mb3;

-- --------------------------------------------------------

--
-- Table structure for table `VSUM_Users_AllowedRoles`
--

CREATE TABLE `VSUM_Users_AllowedRoles` (
  `user_id` int NOT NULL,
  `role_id` int NOT NULL
) ENGINE=InnoDB DEFAULT CHARSET=utf8mb3;

-- --------------------------------------------------------

--
-- Table structure for table `VSUM_Users_Roles`
--

CREATE TABLE `VSUM_Users_Roles` (
  `user_id` int NOT NULL,
  `role_id` int NOT NULL
) ENGINE=InnoDB DEFAULT CHARSET=utf8mb3;

--
-- Dumping data for table `VSUM_Users_Roles`
--

INSERT INTO `VSUM_Users_Roles` (`user_id`, `role_id`) VALUES
(1, 1),
(2, 2),
(7, 11),
(8, 11),
(9, 11),
(10, 11);

-- --------------------------------------------------------

--
-- Table structure for table `VSUS_MailchimpAudiences`
--

CREATE TABLE `VSUS_MailchimpAudiences` (
  `id` int NOT NULL,
  `audience_id` varchar(16) CHARACTER SET utf8mb3 COLLATE utf8mb3_unicode_ci NOT NULL,
  `description` varchar(255) CHARACTER SET utf8mb3 COLLATE utf8mb3_unicode_ci NOT NULL
) ENGINE=InnoDB DEFAULT CHARSET=utf8mb3 COLLATE=utf8mb3_unicode_ci;

-- --------------------------------------------------------

--
-- Table structure for table `VSUS_NewsletterSubscriptions`
--

CREATE TABLE `VSUS_NewsletterSubscriptions` (
  `id` int NOT NULL,
  `user_id` int DEFAULT NULL,
  `mailchimp_audience_id` int NOT NULL,
  `user_email` varchar(64) CHARACTER SET utf8mb3 COLLATE utf8mb3_unicode_ci NOT NULL,
  `date` datetime NOT NULL
) ENGINE=InnoDB DEFAULT CHARSET=utf8mb3 COLLATE=utf8mb3_unicode_ci;

-- --------------------------------------------------------

--
-- Table structure for table `VSUS_PayedServices`
--

CREATE TABLE `VSUS_PayedServices` (
  `id` int NOT NULL,
  `title` varchar(64) CHARACTER SET utf8mb3 COLLATE utf8mb3_unicode_ci NOT NULL,
  `description` longtext CHARACTER SET utf8mb3 COLLATE utf8mb3_unicode_ci NOT NULL,
  `subscription_code` varchar(64) CHARACTER SET utf8mb3 COLLATE utf8mb3_unicode_ci NOT NULL COMMENT 'Subscription Code Group Payed Services for an identical parameter but with differents levels(priority).',
  `subscription_priority` int NOT NULL COMMENT 'Subscription Priority is the level of a Subscription Code.'
) ENGINE=InnoDB DEFAULT CHARSET=utf8mb3 COLLATE=utf8mb3_unicode_ci;

-- --------------------------------------------------------

--
-- Table structure for table `VSUS_PayedServicesAttributes`
--

CREATE TABLE `VSUS_PayedServicesAttributes` (
  `id` int NOT NULL,
  `payed_service_id` int NOT NULL,
  `name` varchar(64) CHARACTER SET utf8mb3 COLLATE utf8mb3_unicode_ci NOT NULL,
  `value` varchar(64) CHARACTER SET utf8mb3 COLLATE utf8mb3_unicode_ci NOT NULL
) ENGINE=InnoDB DEFAULT CHARSET=utf8mb3 COLLATE=utf8mb3_unicode_ci;

-- --------------------------------------------------------

--
-- Table structure for table `VSUS_PayedServiceSubscriptionPeriods`
--

CREATE TABLE `VSUS_PayedServiceSubscriptionPeriods` (
  `id` int NOT NULL,
  `payed_service_id` int NOT NULL,
  `subscription_period` varchar(64) CHARACTER SET utf8mb3 COLLATE utf8mb3_unicode_ci NOT NULL,
  `title` varchar(64) CHARACTER SET utf8mb3 COLLATE utf8mb3_unicode_ci DEFAULT NULL,
  `description` longtext CHARACTER SET utf8mb3 COLLATE utf8mb3_unicode_ci,
  `paid_service_period_code` varchar(255) CHARACTER SET utf8mb3 COLLATE utf8mb3_unicode_ci NOT NULL COMMENT 'The Code Used To Find The Subscription Period in Fixture Factory when Creating Pricing Plans.'
) ENGINE=InnoDB DEFAULT CHARSET=utf8mb3 COLLATE=utf8mb3_unicode_ci;

--
-- Indexes for dumped tables
--

--
-- Indexes for table `VSAPI_RefreshTokens`
--
ALTER TABLE `VSAPI_RefreshTokens`
  ADD PRIMARY KEY (`id`),
  ADD UNIQUE KEY `UNIQ_BB25E413C74F2195` (`refresh_token`);

--
-- Indexes for table `VSAPP_Applications`
--
ALTER TABLE `VSAPP_Applications`
  ADD PRIMARY KEY (`id`),
  ADD UNIQUE KEY `UNIQ_7797295A77153098` (`code`),
  ADD KEY `IDX_7797295AE551C011` (`hostname`);

--
-- Indexes for table `VSAPP_Applications_Users`
--
ALTER TABLE `VSAPP_Applications_Users`
  ADD PRIMARY KEY (`application_id`,`user_id`),
  ADD KEY `IDX_4F97A75D3E030ACD` (`application_id`),
  ADD KEY `IDX_4F97A75DA76ED395` (`user_id`);

--
-- Indexes for table `VSAPP_CookieConsentTranslations`
--
ALTER TABLE `VSAPP_CookieConsentTranslations`
  ADD PRIMARY KEY (`id`),
  ADD UNIQUE KEY `UNIQ_F761D537451CDAD4` (`language_code`);

--
-- Indexes for table `VSAPP_DoctrineDbalCache`
--
ALTER TABLE `VSAPP_DoctrineDbalCache`
  ADD PRIMARY KEY (`item_id`);

--
-- Indexes for table `VSAPP_InstalationInfo`
--
ALTER TABLE `VSAPP_InstalationInfo`
  ADD PRIMARY KEY (`id`);

--
-- Indexes for table `VSAPP_Locale`
--
ALTER TABLE `VSAPP_Locale`
  ADD PRIMARY KEY (`id`),
  ADD UNIQUE KEY `UNIQ_3DB0A7DB77153098` (`code`);

--
-- Indexes for table `VSAPP_LogEntries`
--
ALTER TABLE `VSAPP_LogEntries`
  ADD PRIMARY KEY (`id`),
  ADD UNIQUE KEY `versions_lookup_unique_idx` (`object_class`,`object_id`,`version`,`locale`),
  ADD KEY `versions_lookup_idx` (`object_class`,`object_id`);

--
-- Indexes for table `VSAPP_Migrations`
--
ALTER TABLE `VSAPP_Migrations`
  ADD PRIMARY KEY (`version`);

--
-- Indexes for table `VSAPP_Settings`
--
ALTER TABLE `VSAPP_Settings`
  ADD PRIMARY KEY (`id`),
  ADD KEY `IDX_4A491FD3E030ACD` (`application_id`),
  ADD KEY `IDX_4A491FD507FAB6A` (`maintenance_page_id`);

--
-- Indexes for table `VSAPP_TagsWhitelistContexts`
--
ALTER TABLE `VSAPP_TagsWhitelistContexts`
  ADD PRIMARY KEY (`id`),
  ADD UNIQUE KEY `UNIQ_AD13B59BDE13F470` (`taxon_id`);

--
-- Indexes for table `VSAPP_TagsWhitelistTags`
--
ALTER TABLE `VSAPP_TagsWhitelistTags`
  ADD PRIMARY KEY (`id`),
  ADD KEY `IDX_CC268F106B00C1CF` (`context_id`);

--
-- Indexes for table `VSAPP_TaxonImage`
--
ALTER TABLE `VSAPP_TaxonImage`
  ADD PRIMARY KEY (`id`),
  ADD KEY `IDX_E31A81167E3C61F9` (`owner_id`);

--
-- Indexes for table `VSAPP_Taxonomy`
--
ALTER TABLE `VSAPP_Taxonomy`
  ADD PRIMARY KEY (`id`),
  ADD UNIQUE KEY `UNIQ_1CF3890577153098` (`code`),
  ADD UNIQUE KEY `UNIQ_1CF38905A54E9E96` (`root_taxon_id`);

--
-- Indexes for table `VSAPP_Taxons`
--
ALTER TABLE `VSAPP_Taxons`
  ADD PRIMARY KEY (`id`),
  ADD UNIQUE KEY `UNIQ_2661B30B77153098` (`code`),
  ADD KEY `IDX_2661B30BA977936C` (`tree_root`),
  ADD KEY `IDX_2661B30B727ACA70` (`parent_id`);

--
-- Indexes for table `VSAPP_TaxonTranslations`
--
ALTER TABLE `VSAPP_TaxonTranslations`
  ADD PRIMARY KEY (`id`),
  ADD UNIQUE KEY `slug_uidx` (`locale`,`slug`),
  ADD UNIQUE KEY `VSAPP_TaxonTranslations_uniq_trans` (`translatable_id`,`locale`),
  ADD KEY `IDX_AFE16CB02C2AC5D3` (`translatable_id`);

--
-- Indexes for table `VSAPP_Translations`
--
ALTER TABLE `VSAPP_Translations`
  ADD PRIMARY KEY (`id`),
  ADD UNIQUE KEY `lookup_unique_idx` (`locale`,`object_class`,`field`,`foreign_key`),
  ADD KEY `translations_lookup_idx` (`locale`,`object_class`,`foreign_key`);

--
-- Indexes for table `VSAPP_WidgetGroups`
--
ALTER TABLE `VSAPP_WidgetGroups`
  ADD PRIMARY KEY (`id`),
  ADD UNIQUE KEY `UNIQ_A6E1C666DE13F470` (`taxon_id`);

--
-- Indexes for table `VSAPP_Widgets`
--
ALTER TABLE `VSAPP_Widgets`
  ADD PRIMARY KEY (`id`),
  ADD UNIQUE KEY `UNIQ_72F1C48A77153098` (`code`),
  ADD KEY `IDX_72F1C48AFE54D947` (`group_id`);

--
-- Indexes for table `VSAPP_WidgetsRegistry`
--
ALTER TABLE `VSAPP_WidgetsRegistry`
  ADD PRIMARY KEY (`id`),
  ADD UNIQUE KEY `UNIQ_93AB24C57E3C61F9` (`owner_id`);

--
-- Indexes for table `VSAPP_Widgets_Roles`
--
ALTER TABLE `VSAPP_Widgets_Roles`
  ADD PRIMARY KEY (`widget_id`,`role_id`),
  ADD KEY `IDX_37D65906FBE885E2` (`widget_id`),
  ADD KEY `IDX_37D65906D60322AC` (`role_id`);

--
-- Indexes for table `VSCAT_AssociationTypes`
--
ALTER TABLE `VSCAT_AssociationTypes`
  ADD PRIMARY KEY (`id`),
  ADD UNIQUE KEY `UNIQ_7F20F79077153098` (`code`);

--
-- Indexes for table `VSCAT_PricingPlanCategories`
--
ALTER TABLE `VSCAT_PricingPlanCategories`
  ADD PRIMARY KEY (`id`),
  ADD UNIQUE KEY `UNIQ_10C2B955DE13F470` (`taxon_id`),
  ADD KEY `IDX_10C2B955727ACA70` (`parent_id`);

--
-- Indexes for table `VSCAT_PricingPlans`
--
ALTER TABLE `VSCAT_PricingPlans`
  ADD PRIMARY KEY (`id`),
  ADD KEY `IDX_615E6C0538248176` (`currency_id`),
  ADD KEY `IDX_615E6C0512469DE2` (`category_id`),
  ADD KEY `IDX_615E6C0587FFD8A7` (`paid_service_id`);

--
-- Indexes for table `VSCAT_PricingPlanSubscriptions`
--
ALTER TABLE `VSCAT_PricingPlanSubscriptions`
  ADD PRIMARY KEY (`id`),
  ADD KEY `IDX_EA3E01A029628C71` (`pricing_plan_id`),
  ADD KEY `IDX_EA3E01A0A76ED395` (`user_id`),
  ADD KEY `IDX_EA3E01A038248176` (`currency_id`);

--
-- Indexes for table `VSCAT_ProductAssociations`
--
ALTER TABLE `VSCAT_ProductAssociations`
  ADD PRIMARY KEY (`id`),
  ADD UNIQUE KEY `product_association_idx` (`product_id`,`association_type_id`),
  ADD KEY `IDX_559D3973B1E1C39` (`association_type_id`),
  ADD KEY `IDX_559D39734584665A` (`product_id`);

--
-- Indexes for table `VSCAT_ProductCategories`
--
ALTER TABLE `VSCAT_ProductCategories`
  ADD PRIMARY KEY (`id`),
  ADD UNIQUE KEY `UNIQ_7ADE9A79DE13F470` (`taxon_id`),
  ADD KEY `IDX_7ADE9A79727ACA70` (`parent_id`);

--
-- Indexes for table `VSCAT_ProductFiles`
--
ALTER TABLE `VSCAT_ProductFiles`
  ADD PRIMARY KEY (`id`),
  ADD KEY `IDX_F4F29C927E3C61F9` (`owner_id`);

--
-- Indexes for table `VSCAT_ProductPictures`
--
ALTER TABLE `VSCAT_ProductPictures`
  ADD PRIMARY KEY (`id`),
  ADD KEY `IDX_3A0B8B937E3C61F9` (`owner_id`);

--
-- Indexes for table `VSCAT_Products`
--
ALTER TABLE `VSCAT_Products`
  ADD PRIMARY KEY (`id`),
  ADD UNIQUE KEY `UNIQ_D8F34E8C989D9B62` (`slug`),
  ADD KEY `IDX_D8F34E8C38248176` (`currency_id`);

--
-- Indexes for table `VSCAT_Product_Associations`
--
ALTER TABLE `VSCAT_Product_Associations`
  ADD PRIMARY KEY (`association_id`,`product_id`),
  ADD KEY `IDX_D832974EFB9C8A5` (`association_id`),
  ADD KEY `IDX_D8329744584665A` (`product_id`);

--
-- Indexes for table `VSCAT_Product_Categories`
--
ALTER TABLE `VSCAT_Product_Categories`
  ADD PRIMARY KEY (`product_id`,`category_id`),
  ADD KEY `IDX_FA8937394584665A` (`product_id`),
  ADD KEY `IDX_FA89373912469DE2` (`category_id`);

--
-- Indexes for table `VSCMS_BannerImages`
--
ALTER TABLE `VSCMS_BannerImages`
  ADD PRIMARY KEY (`id`),
  ADD UNIQUE KEY `UNIQ_317C4867E3C61F9` (`owner_id`);

--
-- Indexes for table `VSCMS_BannerPlaces`
--
ALTER TABLE `VSCMS_BannerPlaces`
  ADD PRIMARY KEY (`id`),
  ADD UNIQUE KEY `UNIQ_1DA716B9DE13F470` (`taxon_id`);

--
-- Indexes for table `VSCMS_Banners`
--
ALTER TABLE `VSCMS_Banners`
  ADD PRIMARY KEY (`id`);

--
-- Indexes for table `VSCMS_Banners_Places`
--
ALTER TABLE `VSCMS_Banners_Places`
  ADD PRIMARY KEY (`banner_id`,`place_id`),
  ADD KEY `IDX_61CCBD18684EC833` (`banner_id`),
  ADD KEY `IDX_61CCBD18DA6A219` (`place_id`);

--
-- Indexes for table `VSCMS_DocumentCategories`
--
ALTER TABLE `VSCMS_DocumentCategories`
  ADD PRIMARY KEY (`id`),
  ADD UNIQUE KEY `UNIQ_E0054AF0DE13F470` (`taxon_id`);

--
-- Indexes for table `VSCMS_Documents`
--
ALTER TABLE `VSCMS_Documents`
  ADD PRIMARY KEY (`id`),
  ADD UNIQUE KEY `UNIQ_E15A147FB4CE9742` (`toc_root_page_id`),
  ADD KEY `IDX_E15A147F12469DE2` (`category_id`);

--
-- Indexes for table `VSCMS_FileManager`
--
ALTER TABLE `VSCMS_FileManager`
  ADD PRIMARY KEY (`id`),
  ADD UNIQUE KEY `UNIQ_8B912DE4DE13F470` (`taxon_id`);

--
-- Indexes for table `VSCMS_FileManagerFile`
--
ALTER TABLE `VSCMS_FileManagerFile`
  ADD PRIMARY KEY (`id`),
  ADD KEY `IDX_57157B017E3C61F9` (`owner_id`);

--
-- Indexes for table `VSCMS_HelpCenterQuestions`
--
ALTER TABLE `VSCMS_HelpCenterQuestions`
  ADD PRIMARY KEY (`id`);

--
-- Indexes for table `VSCMS_PageCategories`
--
ALTER TABLE `VSCMS_PageCategories`
  ADD PRIMARY KEY (`id`),
  ADD UNIQUE KEY `UNIQ_98A43648DE13F470` (`taxon_id`),
  ADD KEY `IDX_98A43648727ACA70` (`parent_id`);

--
-- Indexes for table `VSCMS_Pages`
--
ALTER TABLE `VSCMS_Pages`
  ADD PRIMARY KEY (`id`),
  ADD UNIQUE KEY `UNIQ_345A075A989D9B62` (`slug`);

--
-- Indexes for table `VSCMS_Pages_Categories`
--
ALTER TABLE `VSCMS_Pages_Categories`
  ADD PRIMARY KEY (`page_id`,`category_id`),
  ADD KEY `IDX_88D3BD76C4663E4` (`page_id`),
  ADD KEY `IDX_88D3BD7612469DE2` (`category_id`);

--
-- Indexes for table `VSCMS_QuickLinks`
--
ALTER TABLE `VSCMS_QuickLinks`
  ADD PRIMARY KEY (`id`);

--
-- Indexes for table `VSCMS_Sliders`
--
ALTER TABLE `VSCMS_Sliders`
  ADD PRIMARY KEY (`id`),
  ADD UNIQUE KEY `UNIQ_D9BD32AFDE13F470` (`taxon_id`);

--
-- Indexes for table `VSCMS_SlidersItems`
--
ALTER TABLE `VSCMS_SlidersItems`
  ADD PRIMARY KEY (`id`),
  ADD KEY `IDX_15F6ED312CCC9638` (`slider_id`);

--
-- Indexes for table `VSCMS_SlidersItemsPhotos`
--
ALTER TABLE `VSCMS_SlidersItemsPhotos`
  ADD PRIMARY KEY (`id`),
  ADD UNIQUE KEY `UNIQ_A9581A697E3C61F9` (`owner_id`);

--
-- Indexes for table `VSCMS_TocPage`
--
ALTER TABLE `VSCMS_TocPage`
  ADD PRIMARY KEY (`id`),
  ADD UNIQUE KEY `UNIQ_6B1FF241989D9B62` (`slug`),
  ADD KEY `IDX_6B1FF241A977936C` (`tree_root`),
  ADD KEY `IDX_6B1FF241727ACA70` (`parent_id`);

--
-- Indexes for table `VSGP_GamePictures`
--
ALTER TABLE `VSGP_GamePictures`
  ADD PRIMARY KEY (`id`),
  ADD UNIQUE KEY `UNIQ_693255477E3C61F9` (`owner_id`);

--
-- Indexes for table `VSGP_GamePlatformApplications`
--
ALTER TABLE `VSGP_GamePlatformApplications`
  ADD PRIMARY KEY (`id`),
  ADD UNIQUE KEY `UNIQ_3F6F4A3B3E030ACD` (`application_id`),
  ADD KEY `IDX_3F6F4A3B59949888` (`settings_id`);

--
-- Indexes for table `VSGP_GamePlatformSettings`
--
ALTER TABLE `VSGP_GamePlatformSettings`
  ADD PRIMARY KEY (`id`);

--
-- Indexes for table `VSGP_GamePlayers`
--
ALTER TABLE `VSGP_GamePlayers`
  ADD PRIMARY KEY (`id`),
  ADD UNIQUE KEY `UNIQ_B68C5E9A76ED395` (`user_id`);

--
-- Indexes for table `VSGP_Games`
--
ALTER TABLE `VSGP_Games`
  ADD PRIMARY KEY (`id`),
  ADD UNIQUE KEY `UNIQ_19CA8883989D9B62` (`slug`),
  ADD KEY `IDX_19CA888312469DE2` (`category_id`);

--
-- Indexes for table `VSGP_GamesCategories`
--
ALTER TABLE `VSGP_GamesCategories`
  ADD PRIMARY KEY (`id`),
  ADD UNIQUE KEY `UNIQ_BC31D70FDE13F470` (`taxon_id`),
  ADD KEY `IDX_BC31D70F727ACA70` (`parent_id`);

--
-- Indexes for table `VSGP_GameSessions`
--
ALTER TABLE `VSGP_GameSessions`
  ADD PRIMARY KEY (`id`),
  ADD KEY `IDX_7C2EE794E48FD905` (`game_id`);

--
-- Indexes for table `VSGP_MercureConnections`
--
ALTER TABLE `VSGP_MercureConnections`
  ADD PRIMARY KEY (`id`),
  ADD UNIQUE KEY `UNIQ_76EFCCAA76ED395` (`user_id`);

--
-- Indexes for table `VSGP_TempPlayers`
--
ALTER TABLE `VSGP_TempPlayers`
  ADD PRIMARY KEY (`id`),
  ADD KEY `IDX_1CCF81699E6F5DF` (`player_id`),
  ADD KEY `IDX_1CCF816E48FD905` (`game_id`);

--
-- Indexes for table `VSPAY_Adjustments`
--
ALTER TABLE `VSPAY_Adjustments`
  ADD PRIMARY KEY (`id`),
  ADD KEY `IDX_55CA71E28D9F6D38` (`order_id`),
  ADD KEY `IDX_55CA71E2E415FB15` (`order_item_id`);

--
-- Indexes for table `VSPAY_Currency`
--
ALTER TABLE `VSPAY_Currency`
  ADD PRIMARY KEY (`id`),
  ADD UNIQUE KEY `UNIQ_8C67285577153098` (`code`);

--
-- Indexes for table `VSPAY_CustomerGroups`
--
ALTER TABLE `VSPAY_CustomerGroups`
  ADD PRIMARY KEY (`id`),
  ADD UNIQUE KEY `UNIQ_8D3A9BC4DE13F470` (`taxon_id`);

--
-- Indexes for table `VSPAY_ExchangeRate`
--
ALTER TABLE `VSPAY_ExchangeRate`
  ADD PRIMARY KEY (`id`),
  ADD UNIQUE KEY `UNIQ_1401B6152A76BEEDB3FD5856` (`source_currency`,`target_currency`),
  ADD KEY `IDX_1401B6152A76BEED` (`source_currency`),
  ADD KEY `IDX_1401B615B3FD5856` (`target_currency`);

--
-- Indexes for table `VSPAY_ExchangeRateServices`
--
ALTER TABLE `VSPAY_ExchangeRateServices`
  ADD PRIMARY KEY (`id`);

--
-- Indexes for table `VSPAY_GatewayConfig`
--
ALTER TABLE `VSPAY_GatewayConfig`
  ADD PRIMARY KEY (`id`),
  ADD KEY `IDX_BDE8BA6938248176` (`currency_id`);

--
-- Indexes for table `VSPAY_Order`
--
ALTER TABLE `VSPAY_Order`
  ADD PRIMARY KEY (`id`),
  ADD UNIQUE KEY `UNIQ_879545024C3A3BB` (`payment_id`),
  ADD KEY `IDX_87954502A76ED395` (`user_id`),
  ADD KEY `IDX_879545025AA1164F` (`payment_method_id`),
  ADD KEY `IDX_8795450217B24436` (`promotion_coupon_id`);

--
-- Indexes for table `VSPAY_OrderItem`
--
ALTER TABLE `VSPAY_OrderItem`
  ADD PRIMARY KEY (`id`),
  ADD KEY `IDX_1C9B655C8D9F6D38` (`order_id`),
  ADD KEY `IDX_1C9B655C9A1887DC` (`subscription_id`),
  ADD KEY `IDX_1C9B655C4584665A` (`product_id`);

--
-- Indexes for table `VSPAY_Payment`
--
ALTER TABLE `VSPAY_Payment`
  ADD PRIMARY KEY (`id`);

--
-- Indexes for table `VSPAY_PaymentMethod`
--
ALTER TABLE `VSPAY_PaymentMethod`
  ADD PRIMARY KEY (`id`),
  ADD UNIQUE KEY `UNIQ_1CCD1B9F989D9B62` (`slug`),
  ADD KEY `IDX_1CCD1B9F577F8E00` (`gateway_id`);

--
-- Indexes for table `VSPAY_PaymentTokens`
--
ALTER TABLE `VSPAY_PaymentTokens`
  ADD PRIMARY KEY (`hash`);

--
-- Indexes for table `VSPAY_PromotionActions`
--
ALTER TABLE `VSPAY_PromotionActions`
  ADD PRIMARY KEY (`id`),
  ADD KEY `IDX_FEEF777139DF194` (`promotion_id`);

--
-- Indexes for table `VSPAY_PromotionCoupons`
--
ALTER TABLE `VSPAY_PromotionCoupons`
  ADD PRIMARY KEY (`id`),
  ADD UNIQUE KEY `UNIQ_FFC2178077153098` (`code`),
  ADD KEY `IDX_FFC21780139DF194` (`promotion_id`);

--
-- Indexes for table `VSPAY_PromotionRules`
--
ALTER TABLE `VSPAY_PromotionRules`
  ADD PRIMARY KEY (`id`),
  ADD KEY `IDX_9D727099139DF194` (`promotion_id`);

--
-- Indexes for table `VSPAY_Promotions`
--
ALTER TABLE `VSPAY_Promotions`
  ADD PRIMARY KEY (`id`),
  ADD UNIQUE KEY `UNIQ_A3DFF5C077153098` (`code`);

--
-- Indexes for table `VSPAY_Promotion_Applications`
--
ALTER TABLE `VSPAY_Promotion_Applications`
  ADD PRIMARY KEY (`promotion_id`,`application_id`),
  ADD KEY `IDX_1D3F36D5139DF194` (`promotion_id`),
  ADD KEY `IDX_1D3F36D53E030ACD` (`application_id`);

--
-- Indexes for table `VSPAY_Promotion_Orders`
--
ALTER TABLE `VSPAY_Promotion_Orders`
  ADD PRIMARY KEY (`order_id`,`promotion_id`),
  ADD KEY `IDX_DEAB205F8D9F6D38` (`order_id`),
  ADD KEY `IDX_DEAB205F139DF194` (`promotion_id`);

--
-- Indexes for table `VSUM_AvatarImage`
--
ALTER TABLE `VSUM_AvatarImage`
  ADD PRIMARY KEY (`id`),
  ADD UNIQUE KEY `UNIQ_D917FB667E3C61F9` (`owner_id`);

--
-- Indexes for table `VSUM_ResetPasswordRequests`
--
ALTER TABLE `VSUM_ResetPasswordRequests`
  ADD PRIMARY KEY (`id`),
  ADD KEY `IDX_D6C66D0A76ED395` (`user_id`);

--
-- Indexes for table `VSUM_UserRoles`
--
ALTER TABLE `VSUM_UserRoles`
  ADD PRIMARY KEY (`id`),
  ADD UNIQUE KEY `UNIQ_7F8AAD7E57698A6A` (`role`),
  ADD UNIQUE KEY `UNIQ_7F8AAD7EDE13F470` (`taxon_id`),
  ADD KEY `IDX_7F8AAD7E727ACA70` (`parent_id`);

--
-- Indexes for table `VSUM_Users`
--
ALTER TABLE `VSUM_Users`
  ADD PRIMARY KEY (`id`),
  ADD UNIQUE KEY `UNIQ_CAFDCD035D8BC1F8` (`info_id`),
  ADD KEY `IDX_CAFDCD03D2919A68` (`customer_group_id`);

--
-- Indexes for table `VSUM_UsersActivities`
--
ALTER TABLE `VSUM_UsersActivities`
  ADD PRIMARY KEY (`id`),
  ADD KEY `IDX_54103277A76ED395` (`user_id`);

--
-- Indexes for table `VSUM_UsersInfo`
--
ALTER TABLE `VSUM_UsersInfo`
  ADD PRIMARY KEY (`id`);

--
-- Indexes for table `VSUM_UsersNotifications`
--
ALTER TABLE `VSUM_UsersNotifications`
  ADD PRIMARY KEY (`id`),
  ADD KEY `IDX_8D75FA15A76ED395` (`user_id`);

--
-- Indexes for table `VSUM_Users_AllowedRoles`
--
ALTER TABLE `VSUM_Users_AllowedRoles`
  ADD PRIMARY KEY (`user_id`,`role_id`),
  ADD KEY `IDX_9B2FB047A76ED395` (`user_id`),
  ADD KEY `IDX_9B2FB047D60322AC` (`role_id`);

--
-- Indexes for table `VSUM_Users_Roles`
--
ALTER TABLE `VSUM_Users_Roles`
  ADD PRIMARY KEY (`user_id`,`role_id`),
  ADD KEY `IDX_82E26E77A76ED395` (`user_id`),
  ADD KEY `IDX_82E26E77D60322AC` (`role_id`);

--
-- Indexes for table `VSUS_MailchimpAudiences`
--
ALTER TABLE `VSUS_MailchimpAudiences`
  ADD PRIMARY KEY (`id`);

--
-- Indexes for table `VSUS_NewsletterSubscriptions`
--
ALTER TABLE `VSUS_NewsletterSubscriptions`
  ADD PRIMARY KEY (`id`),
  ADD KEY `IDX_E521F0DCA76ED395` (`user_id`),
  ADD KEY `IDX_E521F0DCF03423AE` (`mailchimp_audience_id`);

--
-- Indexes for table `VSUS_PayedServices`
--
ALTER TABLE `VSUS_PayedServices`
  ADD PRIMARY KEY (`id`),
  ADD UNIQUE KEY `subscription_idx` (`subscription_code`,`subscription_priority`);

--
-- Indexes for table `VSUS_PayedServicesAttributes`
--
ALTER TABLE `VSUS_PayedServicesAttributes`
  ADD PRIMARY KEY (`id`),
  ADD KEY `IDX_685989135139FC0A` (`payed_service_id`);

--
-- Indexes for table `VSUS_PayedServiceSubscriptionPeriods`
--
ALTER TABLE `VSUS_PayedServiceSubscriptionPeriods`
  ADD PRIMARY KEY (`id`),
  ADD KEY `IDX_1018A6BE5139FC0A` (`payed_service_id`);

--
-- AUTO_INCREMENT for dumped tables
--

--
-- AUTO_INCREMENT for table `VSAPI_RefreshTokens`
--
ALTER TABLE `VSAPI_RefreshTokens`
  MODIFY `id` int NOT NULL AUTO_INCREMENT, AUTO_INCREMENT=600;

--
-- AUTO_INCREMENT for table `VSAPP_Applications`
--
ALTER TABLE `VSAPP_Applications`
  MODIFY `id` int NOT NULL AUTO_INCREMENT, AUTO_INCREMENT=5;

--
-- AUTO_INCREMENT for table `VSAPP_CookieConsentTranslations`
--
ALTER TABLE `VSAPP_CookieConsentTranslations`
  MODIFY `id` int NOT NULL AUTO_INCREMENT;

--
-- AUTO_INCREMENT for table `VSAPP_InstalationInfo`
--
ALTER TABLE `VSAPP_InstalationInfo`
  MODIFY `id` int NOT NULL AUTO_INCREMENT, AUTO_INCREMENT=2;

--
-- AUTO_INCREMENT for table `VSAPP_Locale`
--
ALTER TABLE `VSAPP_Locale`
  MODIFY `id` int NOT NULL AUTO_INCREMENT, AUTO_INCREMENT=3;

--
-- AUTO_INCREMENT for table `VSAPP_LogEntries`
--
ALTER TABLE `VSAPP_LogEntries`
  MODIFY `id` int NOT NULL AUTO_INCREMENT, AUTO_INCREMENT=4;

--
-- AUTO_INCREMENT for table `VSAPP_Settings`
--
ALTER TABLE `VSAPP_Settings`
  MODIFY `id` int NOT NULL AUTO_INCREMENT, AUTO_INCREMENT=14;

--
-- AUTO_INCREMENT for table `VSAPP_TagsWhitelistContexts`
--
ALTER TABLE `VSAPP_TagsWhitelistContexts`
  MODIFY `id` int NOT NULL AUTO_INCREMENT, AUTO_INCREMENT=2;

--
-- AUTO_INCREMENT for table `VSAPP_TagsWhitelistTags`
--
ALTER TABLE `VSAPP_TagsWhitelistTags`
  MODIFY `id` int NOT NULL AUTO_INCREMENT;

--
-- AUTO_INCREMENT for table `VSAPP_TaxonImage`
--
ALTER TABLE `VSAPP_TaxonImage`
  MODIFY `id` int NOT NULL AUTO_INCREMENT;

--
-- AUTO_INCREMENT for table `VSAPP_Taxonomy`
--
ALTER TABLE `VSAPP_Taxonomy`
  MODIFY `id` int NOT NULL AUTO_INCREMENT, AUTO_INCREMENT=13;

--
-- AUTO_INCREMENT for table `VSAPP_Taxons`
--
ALTER TABLE `VSAPP_Taxons`
  MODIFY `id` int NOT NULL AUTO_INCREMENT, AUTO_INCREMENT=35;

--
-- AUTO_INCREMENT for table `VSAPP_TaxonTranslations`
--
ALTER TABLE `VSAPP_TaxonTranslations`
  MODIFY `id` int NOT NULL AUTO_INCREMENT, AUTO_INCREMENT=37;

--
-- AUTO_INCREMENT for table `VSAPP_Translations`
--
ALTER TABLE `VSAPP_Translations`
  MODIFY `id` int NOT NULL AUTO_INCREMENT, AUTO_INCREMENT=53;

--
-- AUTO_INCREMENT for table `VSAPP_WidgetGroups`
--
ALTER TABLE `VSAPP_WidgetGroups`
  MODIFY `id` int NOT NULL AUTO_INCREMENT, AUTO_INCREMENT=6;

--
-- AUTO_INCREMENT for table `VSAPP_Widgets`
--
ALTER TABLE `VSAPP_Widgets`
  MODIFY `id` int NOT NULL AUTO_INCREMENT, AUTO_INCREMENT=6;

--
-- AUTO_INCREMENT for table `VSAPP_WidgetsRegistry`
--
ALTER TABLE `VSAPP_WidgetsRegistry`
  MODIFY `id` int NOT NULL AUTO_INCREMENT, AUTO_INCREMENT=3;

--
-- AUTO_INCREMENT for table `VSCAT_AssociationTypes`
--
ALTER TABLE `VSCAT_AssociationTypes`
  MODIFY `id` int NOT NULL AUTO_INCREMENT;

--
-- AUTO_INCREMENT for table `VSCAT_PricingPlanCategories`
--
ALTER TABLE `VSCAT_PricingPlanCategories`
  MODIFY `id` int NOT NULL AUTO_INCREMENT;

--
-- AUTO_INCREMENT for table `VSCAT_PricingPlans`
--
ALTER TABLE `VSCAT_PricingPlans`
  MODIFY `id` int NOT NULL AUTO_INCREMENT;

--
-- AUTO_INCREMENT for table `VSCAT_PricingPlanSubscriptions`
--
ALTER TABLE `VSCAT_PricingPlanSubscriptions`
  MODIFY `id` int NOT NULL AUTO_INCREMENT;

--
-- AUTO_INCREMENT for table `VSCAT_ProductAssociations`
--
ALTER TABLE `VSCAT_ProductAssociations`
  MODIFY `id` int NOT NULL AUTO_INCREMENT;

--
-- AUTO_INCREMENT for table `VSCAT_ProductCategories`
--
ALTER TABLE `VSCAT_ProductCategories`
  MODIFY `id` int NOT NULL AUTO_INCREMENT;

--
-- AUTO_INCREMENT for table `VSCAT_ProductFiles`
--
ALTER TABLE `VSCAT_ProductFiles`
  MODIFY `id` int NOT NULL AUTO_INCREMENT;

--
-- AUTO_INCREMENT for table `VSCAT_ProductPictures`
--
ALTER TABLE `VSCAT_ProductPictures`
  MODIFY `id` int NOT NULL AUTO_INCREMENT;

--
-- AUTO_INCREMENT for table `VSCAT_Products`
--
ALTER TABLE `VSCAT_Products`
  MODIFY `id` int NOT NULL AUTO_INCREMENT;

--
-- AUTO_INCREMENT for table `VSCMS_BannerImages`
--
ALTER TABLE `VSCMS_BannerImages`
  MODIFY `id` int NOT NULL AUTO_INCREMENT;

--
-- AUTO_INCREMENT for table `VSCMS_BannerPlaces`
--
ALTER TABLE `VSCMS_BannerPlaces`
  MODIFY `id` int NOT NULL AUTO_INCREMENT;

--
-- AUTO_INCREMENT for table `VSCMS_Banners`
--
ALTER TABLE `VSCMS_Banners`
  MODIFY `id` int NOT NULL AUTO_INCREMENT;

--
-- AUTO_INCREMENT for table `VSCMS_DocumentCategories`
--
ALTER TABLE `VSCMS_DocumentCategories`
  MODIFY `id` int NOT NULL AUTO_INCREMENT;

--
-- AUTO_INCREMENT for table `VSCMS_Documents`
--
ALTER TABLE `VSCMS_Documents`
  MODIFY `id` int NOT NULL AUTO_INCREMENT;

--
-- AUTO_INCREMENT for table `VSCMS_FileManager`
--
ALTER TABLE `VSCMS_FileManager`
  MODIFY `id` int NOT NULL AUTO_INCREMENT;

--
-- AUTO_INCREMENT for table `VSCMS_FileManagerFile`
--
ALTER TABLE `VSCMS_FileManagerFile`
  MODIFY `id` int NOT NULL AUTO_INCREMENT;

--
-- AUTO_INCREMENT for table `VSCMS_HelpCenterQuestions`
--
ALTER TABLE `VSCMS_HelpCenterQuestions`
  MODIFY `id` int NOT NULL AUTO_INCREMENT;

--
-- AUTO_INCREMENT for table `VSCMS_PageCategories`
--
ALTER TABLE `VSCMS_PageCategories`
  MODIFY `id` int NOT NULL AUTO_INCREMENT, AUTO_INCREMENT=3;

--
-- AUTO_INCREMENT for table `VSCMS_Pages`
--
ALTER TABLE `VSCMS_Pages`
  MODIFY `id` int NOT NULL AUTO_INCREMENT, AUTO_INCREMENT=4;

--
-- AUTO_INCREMENT for table `VSCMS_QuickLinks`
--
ALTER TABLE `VSCMS_QuickLinks`
  MODIFY `id` int NOT NULL AUTO_INCREMENT;

--
-- AUTO_INCREMENT for table `VSCMS_Sliders`
--
ALTER TABLE `VSCMS_Sliders`
  MODIFY `id` int NOT NULL AUTO_INCREMENT;

--
-- AUTO_INCREMENT for table `VSCMS_SlidersItems`
--
ALTER TABLE `VSCMS_SlidersItems`
  MODIFY `id` int NOT NULL AUTO_INCREMENT;

--
-- AUTO_INCREMENT for table `VSCMS_SlidersItemsPhotos`
--
ALTER TABLE `VSCMS_SlidersItemsPhotos`
  MODIFY `id` int NOT NULL AUTO_INCREMENT;

--
-- AUTO_INCREMENT for table `VSCMS_TocPage`
--
ALTER TABLE `VSCMS_TocPage`
  MODIFY `id` int NOT NULL AUTO_INCREMENT;

--
-- AUTO_INCREMENT for table `VSGP_GamePictures`
--
ALTER TABLE `VSGP_GamePictures`
  MODIFY `id` int NOT NULL AUTO_INCREMENT, AUTO_INCREMENT=17;

--
-- AUTO_INCREMENT for table `VSGP_GamePlatformApplications`
--
ALTER TABLE `VSGP_GamePlatformApplications`
  MODIFY `id` int NOT NULL AUTO_INCREMENT, AUTO_INCREMENT=2;

--
-- AUTO_INCREMENT for table `VSGP_GamePlatformSettings`
--
ALTER TABLE `VSGP_GamePlatformSettings`
  MODIFY `id` int NOT NULL AUTO_INCREMENT, AUTO_INCREMENT=2;

--
-- AUTO_INCREMENT for table `VSGP_GamePlayers`
--
ALTER TABLE `VSGP_GamePlayers`
  MODIFY `id` int NOT NULL AUTO_INCREMENT, AUTO_INCREMENT=16;

--
-- AUTO_INCREMENT for table `VSGP_Games`
--
ALTER TABLE `VSGP_Games`
  MODIFY `id` int NOT NULL AUTO_INCREMENT, AUTO_INCREMENT=17;

--
-- AUTO_INCREMENT for table `VSGP_GamesCategories`
--
ALTER TABLE `VSGP_GamesCategories`
  MODIFY `id` int NOT NULL AUTO_INCREMENT, AUTO_INCREMENT=3;

--
-- AUTO_INCREMENT for table `VSGP_GameSessions`
--
ALTER TABLE `VSGP_GameSessions`
  MODIFY `id` int NOT NULL AUTO_INCREMENT, AUTO_INCREMENT=4;

--
-- AUTO_INCREMENT for table `VSGP_MercureConnections`
--
ALTER TABLE `VSGP_MercureConnections`
  MODIFY `id` int NOT NULL AUTO_INCREMENT, AUTO_INCREMENT=3;

--
-- AUTO_INCREMENT for table `VSGP_TempPlayers`
--
ALTER TABLE `VSGP_TempPlayers`
  MODIFY `id` int NOT NULL AUTO_INCREMENT, AUTO_INCREMENT=9;

--
-- AUTO_INCREMENT for table `VSPAY_Adjustments`
--
ALTER TABLE `VSPAY_Adjustments`
  MODIFY `id` int NOT NULL AUTO_INCREMENT;

--
-- AUTO_INCREMENT for table `VSPAY_Currency`
--
ALTER TABLE `VSPAY_Currency`
  MODIFY `id` int NOT NULL AUTO_INCREMENT, AUTO_INCREMENT=2;

--
-- AUTO_INCREMENT for table `VSPAY_CustomerGroups`
--
ALTER TABLE `VSPAY_CustomerGroups`
  MODIFY `id` int NOT NULL AUTO_INCREMENT;

--
-- AUTO_INCREMENT for table `VSPAY_ExchangeRate`
--
ALTER TABLE `VSPAY_ExchangeRate`
  MODIFY `id` int NOT NULL AUTO_INCREMENT;

--
-- AUTO_INCREMENT for table `VSPAY_ExchangeRateServices`
--
ALTER TABLE `VSPAY_ExchangeRateServices`
  MODIFY `id` int NOT NULL AUTO_INCREMENT;

--
-- AUTO_INCREMENT for table `VSPAY_GatewayConfig`
--
ALTER TABLE `VSPAY_GatewayConfig`
  MODIFY `id` int NOT NULL AUTO_INCREMENT, AUTO_INCREMENT=3;

--
-- AUTO_INCREMENT for table `VSPAY_Order`
--
ALTER TABLE `VSPAY_Order`
  MODIFY `id` int NOT NULL AUTO_INCREMENT;

--
-- AUTO_INCREMENT for table `VSPAY_OrderItem`
--
ALTER TABLE `VSPAY_OrderItem`
  MODIFY `id` int NOT NULL AUTO_INCREMENT;

--
-- AUTO_INCREMENT for table `VSPAY_Payment`
--
ALTER TABLE `VSPAY_Payment`
  MODIFY `id` int NOT NULL AUTO_INCREMENT;

--
-- AUTO_INCREMENT for table `VSPAY_PaymentMethod`
--
ALTER TABLE `VSPAY_PaymentMethod`
  MODIFY `id` int NOT NULL AUTO_INCREMENT;

--
-- AUTO_INCREMENT for table `VSPAY_PromotionActions`
--
ALTER TABLE `VSPAY_PromotionActions`
  MODIFY `id` int NOT NULL AUTO_INCREMENT;

--
-- AUTO_INCREMENT for table `VSPAY_PromotionCoupons`
--
ALTER TABLE `VSPAY_PromotionCoupons`
  MODIFY `id` int NOT NULL AUTO_INCREMENT;

--
-- AUTO_INCREMENT for table `VSPAY_PromotionRules`
--
ALTER TABLE `VSPAY_PromotionRules`
  MODIFY `id` int NOT NULL AUTO_INCREMENT;

--
-- AUTO_INCREMENT for table `VSPAY_Promotions`
--
ALTER TABLE `VSPAY_Promotions`
  MODIFY `id` int NOT NULL AUTO_INCREMENT;

--
-- AUTO_INCREMENT for table `VSUM_AvatarImage`
--
ALTER TABLE `VSUM_AvatarImage`
  MODIFY `id` int NOT NULL AUTO_INCREMENT, AUTO_INCREMENT=3;

--
-- AUTO_INCREMENT for table `VSUM_ResetPasswordRequests`
--
ALTER TABLE `VSUM_ResetPasswordRequests`
  MODIFY `id` int NOT NULL AUTO_INCREMENT;

--
-- AUTO_INCREMENT for table `VSUM_UserRoles`
--
ALTER TABLE `VSUM_UserRoles`
  MODIFY `id` int NOT NULL AUTO_INCREMENT, AUTO_INCREMENT=13;

--
-- AUTO_INCREMENT for table `VSUM_Users`
--
ALTER TABLE `VSUM_Users`
  MODIFY `id` int NOT NULL AUTO_INCREMENT, AUTO_INCREMENT=11;

--
-- AUTO_INCREMENT for table `VSUM_UsersActivities`
--
ALTER TABLE `VSUM_UsersActivities`
  MODIFY `id` int NOT NULL AUTO_INCREMENT, AUTO_INCREMENT=53;

--
-- AUTO_INCREMENT for table `VSUM_UsersInfo`
--
ALTER TABLE `VSUM_UsersInfo`
  MODIFY `id` int NOT NULL AUTO_INCREMENT, AUTO_INCREMENT=11;

--
-- AUTO_INCREMENT for table `VSUM_UsersNotifications`
--
ALTER TABLE `VSUM_UsersNotifications`
  MODIFY `id` int NOT NULL AUTO_INCREMENT;

--
-- AUTO_INCREMENT for table `VSUS_MailchimpAudiences`
--
ALTER TABLE `VSUS_MailchimpAudiences`
  MODIFY `id` int NOT NULL AUTO_INCREMENT;

--
-- AUTO_INCREMENT for table `VSUS_NewsletterSubscriptions`
--
ALTER TABLE `VSUS_NewsletterSubscriptions`
  MODIFY `id` int NOT NULL AUTO_INCREMENT;

--
-- AUTO_INCREMENT for table `VSUS_PayedServices`
--
ALTER TABLE `VSUS_PayedServices`
  MODIFY `id` int NOT NULL AUTO_INCREMENT;

--
-- AUTO_INCREMENT for table `VSUS_PayedServicesAttributes`
--
ALTER TABLE `VSUS_PayedServicesAttributes`
  MODIFY `id` int NOT NULL AUTO_INCREMENT;

--
-- AUTO_INCREMENT for table `VSUS_PayedServiceSubscriptionPeriods`
--
ALTER TABLE `VSUS_PayedServiceSubscriptionPeriods`
  MODIFY `id` int NOT NULL AUTO_INCREMENT;

--
-- Constraints for dumped tables
--

--
-- Constraints for table `VSAPP_Applications_Users`
--
ALTER TABLE `VSAPP_Applications_Users`
  ADD CONSTRAINT `FK_4F97A75D3E030ACD` FOREIGN KEY (`application_id`) REFERENCES `VSAPP_Applications` (`id`),
  ADD CONSTRAINT `FK_4F97A75DA76ED395` FOREIGN KEY (`user_id`) REFERENCES `VSUM_Users` (`id`);

--
-- Constraints for table `VSAPP_Settings`
--
ALTER TABLE `VSAPP_Settings`
  ADD CONSTRAINT `FK_4A491FD3E030ACD` FOREIGN KEY (`application_id`) REFERENCES `VSAPP_Applications` (`id`) ON DELETE CASCADE,
  ADD CONSTRAINT `FK_4A491FD507FAB6A` FOREIGN KEY (`maintenance_page_id`) REFERENCES `VSCMS_Pages` (`id`) ON DELETE CASCADE;

--
-- Constraints for table `VSAPP_TagsWhitelistContexts`
--
ALTER TABLE `VSAPP_TagsWhitelistContexts`
  ADD CONSTRAINT `FK_AD13B59BDE13F470` FOREIGN KEY (`taxon_id`) REFERENCES `VSAPP_Taxons` (`id`);

--
-- Constraints for table `VSAPP_TagsWhitelistTags`
--
ALTER TABLE `VSAPP_TagsWhitelistTags`
  ADD CONSTRAINT `FK_CC268F106B00C1CF` FOREIGN KEY (`context_id`) REFERENCES `VSAPP_TagsWhitelistContexts` (`id`) ON DELETE CASCADE;

--
-- Constraints for table `VSAPP_TaxonImage`
--
ALTER TABLE `VSAPP_TaxonImage`
  ADD CONSTRAINT `FK_E31A81167E3C61F9` FOREIGN KEY (`owner_id`) REFERENCES `VSAPP_Taxons` (`id`) ON DELETE CASCADE;

--
-- Constraints for table `VSAPP_Taxonomy`
--
ALTER TABLE `VSAPP_Taxonomy`
  ADD CONSTRAINT `FK_1CF38905A54E9E96` FOREIGN KEY (`root_taxon_id`) REFERENCES `VSAPP_Taxons` (`id`) ON DELETE CASCADE;

--
-- Constraints for table `VSAPP_Taxons`
--
ALTER TABLE `VSAPP_Taxons`
  ADD CONSTRAINT `FK_2661B30B727ACA70` FOREIGN KEY (`parent_id`) REFERENCES `VSAPP_Taxons` (`id`) ON DELETE CASCADE,
  ADD CONSTRAINT `FK_2661B30BA977936C` FOREIGN KEY (`tree_root`) REFERENCES `VSAPP_Taxons` (`id`) ON DELETE CASCADE;

--
-- Constraints for table `VSAPP_TaxonTranslations`
--
ALTER TABLE `VSAPP_TaxonTranslations`
  ADD CONSTRAINT `FK_AFE16CB02C2AC5D3` FOREIGN KEY (`translatable_id`) REFERENCES `VSAPP_Taxons` (`id`) ON DELETE CASCADE;

--
-- Constraints for table `VSAPP_WidgetGroups`
--
ALTER TABLE `VSAPP_WidgetGroups`
  ADD CONSTRAINT `FK_A6E1C666DE13F470` FOREIGN KEY (`taxon_id`) REFERENCES `VSAPP_Taxons` (`id`);

--
-- Constraints for table `VSAPP_Widgets`
--
ALTER TABLE `VSAPP_Widgets`
  ADD CONSTRAINT `FK_72F1C48AFE54D947` FOREIGN KEY (`group_id`) REFERENCES `VSAPP_WidgetGroups` (`id`) ON DELETE CASCADE;

--
-- Constraints for table `VSAPP_WidgetsRegistry`
--
ALTER TABLE `VSAPP_WidgetsRegistry`
  ADD CONSTRAINT `FK_93AB24C57E3C61F9` FOREIGN KEY (`owner_id`) REFERENCES `VSUM_Users` (`id`) ON DELETE CASCADE;

--
-- Constraints for table `VSAPP_Widgets_Roles`
--
ALTER TABLE `VSAPP_Widgets_Roles`
  ADD CONSTRAINT `FK_37D65906D60322AC` FOREIGN KEY (`role_id`) REFERENCES `VSUM_UserRoles` (`id`),
  ADD CONSTRAINT `FK_37D65906FBE885E2` FOREIGN KEY (`widget_id`) REFERENCES `VSAPP_Widgets` (`id`);

--
-- Constraints for table `VSCAT_PricingPlanCategories`
--
ALTER TABLE `VSCAT_PricingPlanCategories`
  ADD CONSTRAINT `FK_10C2B955727ACA70` FOREIGN KEY (`parent_id`) REFERENCES `VSCAT_PricingPlanCategories` (`id`) ON DELETE CASCADE,
  ADD CONSTRAINT `FK_10C2B955DE13F470` FOREIGN KEY (`taxon_id`) REFERENCES `VSAPP_Taxons` (`id`);

--
-- Constraints for table `VSCAT_PricingPlans`
--
ALTER TABLE `VSCAT_PricingPlans`
  ADD CONSTRAINT `FK_615E6C0512469DE2` FOREIGN KEY (`category_id`) REFERENCES `VSCAT_PricingPlanCategories` (`id`) ON DELETE CASCADE,
  ADD CONSTRAINT `FK_615E6C0538248176` FOREIGN KEY (`currency_id`) REFERENCES `VSPAY_Currency` (`id`),
  ADD CONSTRAINT `FK_615E6C0587FFD8A7` FOREIGN KEY (`paid_service_id`) REFERENCES `VSUS_PayedServiceSubscriptionPeriods` (`id`) ON DELETE CASCADE;

--
-- Constraints for table `VSCAT_PricingPlanSubscriptions`
--
ALTER TABLE `VSCAT_PricingPlanSubscriptions`
  ADD CONSTRAINT `FK_EA3E01A029628C71` FOREIGN KEY (`pricing_plan_id`) REFERENCES `VSCAT_PricingPlans` (`id`),
  ADD CONSTRAINT `FK_EA3E01A038248176` FOREIGN KEY (`currency_id`) REFERENCES `VSPAY_Currency` (`id`),
  ADD CONSTRAINT `FK_EA3E01A0A76ED395` FOREIGN KEY (`user_id`) REFERENCES `VSUM_Users` (`id`);

--
-- Constraints for table `VSCAT_ProductAssociations`
--
ALTER TABLE `VSCAT_ProductAssociations`
  ADD CONSTRAINT `FK_559D39734584665A` FOREIGN KEY (`product_id`) REFERENCES `VSCAT_Products` (`id`) ON DELETE CASCADE,
  ADD CONSTRAINT `FK_559D3973B1E1C39` FOREIGN KEY (`association_type_id`) REFERENCES `VSCAT_AssociationTypes` (`id`) ON DELETE CASCADE;

--
-- Constraints for table `VSCAT_ProductCategories`
--
ALTER TABLE `VSCAT_ProductCategories`
  ADD CONSTRAINT `FK_7ADE9A79727ACA70` FOREIGN KEY (`parent_id`) REFERENCES `VSCAT_ProductCategories` (`id`) ON DELETE CASCADE,
  ADD CONSTRAINT `FK_7ADE9A79DE13F470` FOREIGN KEY (`taxon_id`) REFERENCES `VSAPP_Taxons` (`id`);

--
-- Constraints for table `VSCAT_ProductFiles`
--
ALTER TABLE `VSCAT_ProductFiles`
  ADD CONSTRAINT `FK_F4F29C927E3C61F9` FOREIGN KEY (`owner_id`) REFERENCES `VSCAT_Products` (`id`);

--
-- Constraints for table `VSCAT_ProductPictures`
--
ALTER TABLE `VSCAT_ProductPictures`
  ADD CONSTRAINT `FK_3A0B8B937E3C61F9` FOREIGN KEY (`owner_id`) REFERENCES `VSCAT_Products` (`id`);

--
-- Constraints for table `VSCAT_Products`
--
ALTER TABLE `VSCAT_Products`
  ADD CONSTRAINT `FK_D8F34E8C38248176` FOREIGN KEY (`currency_id`) REFERENCES `VSPAY_Currency` (`id`);

--
-- Constraints for table `VSCAT_Product_Associations`
--
ALTER TABLE `VSCAT_Product_Associations`
  ADD CONSTRAINT `FK_D8329744584665A` FOREIGN KEY (`product_id`) REFERENCES `VSCAT_Products` (`id`) ON DELETE CASCADE,
  ADD CONSTRAINT `FK_D832974EFB9C8A5` FOREIGN KEY (`association_id`) REFERENCES `VSCAT_ProductAssociations` (`id`) ON DELETE CASCADE;

--
-- Constraints for table `VSCAT_Product_Categories`
--
ALTER TABLE `VSCAT_Product_Categories`
  ADD CONSTRAINT `FK_FA89373912469DE2` FOREIGN KEY (`category_id`) REFERENCES `VSCAT_ProductCategories` (`id`),
  ADD CONSTRAINT `FK_FA8937394584665A` FOREIGN KEY (`product_id`) REFERENCES `VSCAT_Products` (`id`);

--
-- Constraints for table `VSCMS_BannerImages`
--
ALTER TABLE `VSCMS_BannerImages`
  ADD CONSTRAINT `FK_317C4867E3C61F9` FOREIGN KEY (`owner_id`) REFERENCES `VSCMS_Banners` (`id`) ON DELETE CASCADE;

--
-- Constraints for table `VSCMS_BannerPlaces`
--
ALTER TABLE `VSCMS_BannerPlaces`
  ADD CONSTRAINT `FK_1DA716B9DE13F470` FOREIGN KEY (`taxon_id`) REFERENCES `VSAPP_Taxons` (`id`);

--
-- Constraints for table `VSCMS_Banners_Places`
--
ALTER TABLE `VSCMS_Banners_Places`
  ADD CONSTRAINT `FK_61CCBD18684EC833` FOREIGN KEY (`banner_id`) REFERENCES `VSCMS_Banners` (`id`),
  ADD CONSTRAINT `FK_61CCBD18DA6A219` FOREIGN KEY (`place_id`) REFERENCES `VSCMS_BannerPlaces` (`id`);

--
-- Constraints for table `VSCMS_DocumentCategories`
--
ALTER TABLE `VSCMS_DocumentCategories`
  ADD CONSTRAINT `FK_E0054AF0DE13F470` FOREIGN KEY (`taxon_id`) REFERENCES `VSAPP_Taxons` (`id`);

--
-- Constraints for table `VSCMS_Documents`
--
ALTER TABLE `VSCMS_Documents`
  ADD CONSTRAINT `FK_E15A147F12469DE2` FOREIGN KEY (`category_id`) REFERENCES `VSCMS_DocumentCategories` (`id`) ON DELETE CASCADE,
  ADD CONSTRAINT `FK_E15A147FB4CE9742` FOREIGN KEY (`toc_root_page_id`) REFERENCES `VSCMS_TocPage` (`id`) ON DELETE CASCADE;

--
-- Constraints for table `VSCMS_FileManager`
--
ALTER TABLE `VSCMS_FileManager`
  ADD CONSTRAINT `FK_8B912DE4DE13F470` FOREIGN KEY (`taxon_id`) REFERENCES `VSAPP_Taxons` (`id`);

--
-- Constraints for table `VSCMS_FileManagerFile`
--
ALTER TABLE `VSCMS_FileManagerFile`
  ADD CONSTRAINT `FK_57157B017E3C61F9` FOREIGN KEY (`owner_id`) REFERENCES `VSCMS_FileManager` (`id`) ON DELETE CASCADE;

--
-- Constraints for table `VSCMS_PageCategories`
--
ALTER TABLE `VSCMS_PageCategories`
  ADD CONSTRAINT `FK_98A43648727ACA70` FOREIGN KEY (`parent_id`) REFERENCES `VSCMS_PageCategories` (`id`) ON DELETE CASCADE,
  ADD CONSTRAINT `FK_98A43648DE13F470` FOREIGN KEY (`taxon_id`) REFERENCES `VSAPP_Taxons` (`id`);

--
-- Constraints for table `VSCMS_Pages_Categories`
--
ALTER TABLE `VSCMS_Pages_Categories`
  ADD CONSTRAINT `FK_88D3BD7612469DE2` FOREIGN KEY (`category_id`) REFERENCES `VSCMS_PageCategories` (`id`),
  ADD CONSTRAINT `FK_88D3BD76C4663E4` FOREIGN KEY (`page_id`) REFERENCES `VSCMS_Pages` (`id`);

--
-- Constraints for table `VSCMS_Sliders`
--
ALTER TABLE `VSCMS_Sliders`
  ADD CONSTRAINT `FK_D9BD32AFDE13F470` FOREIGN KEY (`taxon_id`) REFERENCES `VSAPP_Taxons` (`id`);

--
-- Constraints for table `VSCMS_SlidersItems`
--
ALTER TABLE `VSCMS_SlidersItems`
  ADD CONSTRAINT `FK_15F6ED312CCC9638` FOREIGN KEY (`slider_id`) REFERENCES `VSCMS_Sliders` (`id`) ON DELETE CASCADE;

--
-- Constraints for table `VSCMS_SlidersItemsPhotos`
--
ALTER TABLE `VSCMS_SlidersItemsPhotos`
  ADD CONSTRAINT `FK_A9581A697E3C61F9` FOREIGN KEY (`owner_id`) REFERENCES `VSCMS_SlidersItems` (`id`) ON DELETE CASCADE;

--
-- Constraints for table `VSCMS_TocPage`
--
ALTER TABLE `VSCMS_TocPage`
  ADD CONSTRAINT `FK_6B1FF241727ACA70` FOREIGN KEY (`parent_id`) REFERENCES `VSCMS_TocPage` (`id`) ON DELETE CASCADE,
  ADD CONSTRAINT `FK_6B1FF241A977936C` FOREIGN KEY (`tree_root`) REFERENCES `VSCMS_TocPage` (`id`) ON DELETE CASCADE;

--
-- Constraints for table `VSGP_GamePictures`
--
ALTER TABLE `VSGP_GamePictures`
  ADD CONSTRAINT `FK_693255477E3C61F9` FOREIGN KEY (`owner_id`) REFERENCES `VSGP_Games` (`id`) ON DELETE CASCADE;

--
-- Constraints for table `VSGP_GamePlatformApplications`
--
ALTER TABLE `VSGP_GamePlatformApplications`
  ADD CONSTRAINT `FK_3F6F4A3B3E030ACD` FOREIGN KEY (`application_id`) REFERENCES `VSAPP_Applications` (`id`),
  ADD CONSTRAINT `FK_3F6F4A3B59949888` FOREIGN KEY (`settings_id`) REFERENCES `VSGP_GamePlatformSettings` (`id`);

--
-- Constraints for table `VSGP_GamePlayers`
--
ALTER TABLE `VSGP_GamePlayers`
  ADD CONSTRAINT `FK_B68C5E9A76ED395` FOREIGN KEY (`user_id`) REFERENCES `VSUM_Users` (`id`);

--
-- Constraints for table `VSGP_Games`
--
ALTER TABLE `VSGP_Games`
  ADD CONSTRAINT `FK_19CA888312469DE2` FOREIGN KEY (`category_id`) REFERENCES `VSGP_GamesCategories` (`id`);

--
-- Constraints for table `VSGP_GamesCategories`
--
ALTER TABLE `VSGP_GamesCategories`
  ADD CONSTRAINT `FK_BC31D70F727ACA70` FOREIGN KEY (`parent_id`) REFERENCES `VSGP_GamesCategories` (`id`),
  ADD CONSTRAINT `FK_BC31D70FDE13F470` FOREIGN KEY (`taxon_id`) REFERENCES `VSAPP_Taxons` (`id`);

--
-- Constraints for table `VSGP_GameSessions`
--
ALTER TABLE `VSGP_GameSessions`
  ADD CONSTRAINT `FK_7C2EE794E48FD905` FOREIGN KEY (`game_id`) REFERENCES `VSGP_Games` (`id`);

--
-- Constraints for table `VSGP_MercureConnections`
--
ALTER TABLE `VSGP_MercureConnections`
  ADD CONSTRAINT `FK_76EFCCAA76ED395` FOREIGN KEY (`user_id`) REFERENCES `VSUM_Users` (`id`);

--
-- Constraints for table `VSGP_TempPlayers`
--
ALTER TABLE `VSGP_TempPlayers`
  ADD CONSTRAINT `FK_1CCF81699E6F5DF` FOREIGN KEY (`player_id`) REFERENCES `VSGP_GamePlayers` (`id`),
  ADD CONSTRAINT `FK_1CCF816E48FD905` FOREIGN KEY (`game_id`) REFERENCES `VSGP_GameSessions` (`id`);

--
-- Constraints for table `VSPAY_Adjustments`
--
ALTER TABLE `VSPAY_Adjustments`
  ADD CONSTRAINT `FK_55CA71E28D9F6D38` FOREIGN KEY (`order_id`) REFERENCES `VSPAY_Order` (`id`) ON DELETE CASCADE,
  ADD CONSTRAINT `FK_55CA71E2E415FB15` FOREIGN KEY (`order_item_id`) REFERENCES `VSPAY_OrderItem` (`id`) ON DELETE CASCADE;

--
-- Constraints for table `VSPAY_CustomerGroups`
--
ALTER TABLE `VSPAY_CustomerGroups`
  ADD CONSTRAINT `FK_8D3A9BC4DE13F470` FOREIGN KEY (`taxon_id`) REFERENCES `VSAPP_Taxons` (`id`);

--
-- Constraints for table `VSPAY_ExchangeRate`
--
ALTER TABLE `VSPAY_ExchangeRate`
  ADD CONSTRAINT `FK_1401B6152A76BEED` FOREIGN KEY (`source_currency`) REFERENCES `VSPAY_Currency` (`id`) ON DELETE CASCADE,
  ADD CONSTRAINT `FK_1401B615B3FD5856` FOREIGN KEY (`target_currency`) REFERENCES `VSPAY_Currency` (`id`) ON DELETE CASCADE;

--
-- Constraints for table `VSPAY_GatewayConfig`
--
ALTER TABLE `VSPAY_GatewayConfig`
  ADD CONSTRAINT `FK_BDE8BA6938248176` FOREIGN KEY (`currency_id`) REFERENCES `VSPAY_Currency` (`id`);

--
-- Constraints for table `VSPAY_Order`
--
ALTER TABLE `VSPAY_Order`
  ADD CONSTRAINT `FK_8795450217B24436` FOREIGN KEY (`promotion_coupon_id`) REFERENCES `VSPAY_PromotionCoupons` (`id`),
  ADD CONSTRAINT `FK_879545024C3A3BB` FOREIGN KEY (`payment_id`) REFERENCES `VSPAY_Payment` (`id`),
  ADD CONSTRAINT `FK_879545025AA1164F` FOREIGN KEY (`payment_method_id`) REFERENCES `VSPAY_PaymentMethod` (`id`),
  ADD CONSTRAINT `FK_87954502A76ED395` FOREIGN KEY (`user_id`) REFERENCES `VSUM_Users` (`id`);

--
-- Constraints for table `VSPAY_OrderItem`
--
ALTER TABLE `VSPAY_OrderItem`
  ADD CONSTRAINT `FK_1C9B655C4584665A` FOREIGN KEY (`product_id`) REFERENCES `VSCAT_Products` (`id`),
  ADD CONSTRAINT `FK_1C9B655C8D9F6D38` FOREIGN KEY (`order_id`) REFERENCES `VSPAY_Order` (`id`),
  ADD CONSTRAINT `FK_1C9B655C9A1887DC` FOREIGN KEY (`subscription_id`) REFERENCES `VSCAT_PricingPlanSubscriptions` (`id`);

--
-- Constraints for table `VSPAY_PaymentMethod`
--
ALTER TABLE `VSPAY_PaymentMethod`
  ADD CONSTRAINT `FK_1CCD1B9F577F8E00` FOREIGN KEY (`gateway_id`) REFERENCES `VSPAY_GatewayConfig` (`id`);

--
-- Constraints for table `VSPAY_PromotionActions`
--
ALTER TABLE `VSPAY_PromotionActions`
  ADD CONSTRAINT `FK_FEEF777139DF194` FOREIGN KEY (`promotion_id`) REFERENCES `VSPAY_Promotions` (`id`);

--
-- Constraints for table `VSPAY_PromotionCoupons`
--
ALTER TABLE `VSPAY_PromotionCoupons`
  ADD CONSTRAINT `FK_FFC21780139DF194` FOREIGN KEY (`promotion_id`) REFERENCES `VSPAY_Promotions` (`id`);

--
-- Constraints for table `VSPAY_PromotionRules`
--
ALTER TABLE `VSPAY_PromotionRules`
  ADD CONSTRAINT `FK_9D727099139DF194` FOREIGN KEY (`promotion_id`) REFERENCES `VSPAY_Promotions` (`id`) ON DELETE CASCADE;

--
-- Constraints for table `VSPAY_Promotion_Applications`
--
ALTER TABLE `VSPAY_Promotion_Applications`
  ADD CONSTRAINT `FK_1D3F36D5139DF194` FOREIGN KEY (`promotion_id`) REFERENCES `VSPAY_Promotions` (`id`) ON DELETE CASCADE,
  ADD CONSTRAINT `FK_1D3F36D53E030ACD` FOREIGN KEY (`application_id`) REFERENCES `VSAPP_Applications` (`id`) ON DELETE CASCADE;

--
-- Constraints for table `VSPAY_Promotion_Orders`
--
ALTER TABLE `VSPAY_Promotion_Orders`
  ADD CONSTRAINT `FK_DEAB205F139DF194` FOREIGN KEY (`promotion_id`) REFERENCES `VSPAY_Promotions` (`id`),
  ADD CONSTRAINT `FK_DEAB205F8D9F6D38` FOREIGN KEY (`order_id`) REFERENCES `VSPAY_Order` (`id`) ON DELETE CASCADE;

--
-- Constraints for table `VSUM_AvatarImage`
--
ALTER TABLE `VSUM_AvatarImage`
  ADD CONSTRAINT `FK_D917FB667E3C61F9` FOREIGN KEY (`owner_id`) REFERENCES `VSUM_UsersInfo` (`id`) ON DELETE CASCADE;

--
-- Constraints for table `VSUM_ResetPasswordRequests`
--
ALTER TABLE `VSUM_ResetPasswordRequests`
  ADD CONSTRAINT `FK_D6C66D0A76ED395` FOREIGN KEY (`user_id`) REFERENCES `VSUM_Users` (`id`) ON DELETE CASCADE;

--
-- Constraints for table `VSUM_UserRoles`
--
ALTER TABLE `VSUM_UserRoles`
  ADD CONSTRAINT `FK_7F8AAD7E727ACA70` FOREIGN KEY (`parent_id`) REFERENCES `VSUM_UserRoles` (`id`) ON DELETE CASCADE,
  ADD CONSTRAINT `FK_7F8AAD7EDE13F470` FOREIGN KEY (`taxon_id`) REFERENCES `VSAPP_Taxons` (`id`);

--
-- Constraints for table `VSUM_Users`
--
ALTER TABLE `VSUM_Users`
  ADD CONSTRAINT `FK_CAFDCD035D8BC1F8` FOREIGN KEY (`info_id`) REFERENCES `VSUM_UsersInfo` (`id`),
  ADD CONSTRAINT `FK_CAFDCD03D2919A68` FOREIGN KEY (`customer_group_id`) REFERENCES `VSPAY_CustomerGroups` (`id`);

--
-- Constraints for table `VSUM_UsersActivities`
--
ALTER TABLE `VSUM_UsersActivities`
  ADD CONSTRAINT `FK_54103277A76ED395` FOREIGN KEY (`user_id`) REFERENCES `VSUM_Users` (`id`) ON DELETE CASCADE;

--
-- Constraints for table `VSUM_UsersNotifications`
--
ALTER TABLE `VSUM_UsersNotifications`
  ADD CONSTRAINT `FK_8D75FA15A76ED395` FOREIGN KEY (`user_id`) REFERENCES `VSUM_Users` (`id`) ON DELETE CASCADE;

--
-- Constraints for table `VSUM_Users_AllowedRoles`
--
ALTER TABLE `VSUM_Users_AllowedRoles`
  ADD CONSTRAINT `FK_9B2FB047A76ED395` FOREIGN KEY (`user_id`) REFERENCES `VSUM_Users` (`id`),
  ADD CONSTRAINT `FK_9B2FB047D60322AC` FOREIGN KEY (`role_id`) REFERENCES `VSUM_UserRoles` (`id`);

--
-- Constraints for table `VSUM_Users_Roles`
--
ALTER TABLE `VSUM_Users_Roles`
  ADD CONSTRAINT `FK_82E26E77A76ED395` FOREIGN KEY (`user_id`) REFERENCES `VSUM_Users` (`id`),
  ADD CONSTRAINT `FK_82E26E77D60322AC` FOREIGN KEY (`role_id`) REFERENCES `VSUM_UserRoles` (`id`);

--
-- Constraints for table `VSUS_NewsletterSubscriptions`
--
ALTER TABLE `VSUS_NewsletterSubscriptions`
  ADD CONSTRAINT `FK_E521F0DCA76ED395` FOREIGN KEY (`user_id`) REFERENCES `VSUM_Users` (`id`),
  ADD CONSTRAINT `FK_E521F0DCF03423AE` FOREIGN KEY (`mailchimp_audience_id`) REFERENCES `VSUS_MailchimpAudiences` (`id`);

--
-- Constraints for table `VSUS_PayedServicesAttributes`
--
ALTER TABLE `VSUS_PayedServicesAttributes`
  ADD CONSTRAINT `FK_685989135139FC0A` FOREIGN KEY (`payed_service_id`) REFERENCES `VSUS_PayedServices` (`id`);

--
-- Constraints for table `VSUS_PayedServiceSubscriptionPeriods`
--
ALTER TABLE `VSUS_PayedServiceSubscriptionPeriods`
  ADD CONSTRAINT `FK_1018A6BE5139FC0A` FOREIGN KEY (`payed_service_id`) REFERENCES `VSUS_PayedServices` (`id`);
COMMIT;

/*!40101 SET CHARACTER_SET_CLIENT=@OLD_CHARACTER_SET_CLIENT */;
/*!40101 SET CHARACTER_SET_RESULTS=@OLD_CHARACTER_SET_RESULTS */;
/*!40101 SET COLLATION_CONNECTION=@OLD_COLLATION_CONNECTION */;
